1341846434.710184 0.000000000 0.000000000 0.000000000 -0.000000000 -0.000000000 -0.000000000 1.000000000
1341846434.746225 0.012090540 -0.000640963 0.003229582 0.003020232 0.001094375 0.003250249 0.999989569
1341846434.778203 0.025366703 -0.000474986 -0.002982909 0.004890769 0.001843853 0.004396957 0.999976695
1341846434.810024 0.025351388 0.000887147 -0.012409448 0.004927241 0.004138357 0.002752842 0.999975562
1341846434.846345 0.035454892 -0.001228671 -0.012288559 0.003154340 0.002604642 -0.000432430 0.999991536
1341846434.878202 0.038405433 -0.005424087 -0.015165641 0.001714376 0.000578635 -0.008691332 0.999960661
1341846434.914148 0.046068761 -0.009227792 -0.016831985 0.000670389 -0.006506841 -0.017605064 0.999823630
1341846434.946443 0.069807529 -0.023998590 -0.021326706 -0.003261780 -0.021957230 -0.024609726 0.999450684
1341846434.978088 0.072961584 -0.034266107 -0.027820220 -0.003942200 -0.028581187 -0.027065573 0.999217212
1341846435.014019 0.082140177 -0.026114091 -0.036641184 -0.001062714 -0.035523131 -0.027400989 0.998992562
1341846435.045942 0.093513466 -0.024853537 -0.039038088 0.000839504 -0.038076263 -0.027779326 0.998888254
1341846435.077985 0.111318059 -0.029418824 -0.037148971 0.002352732 -0.038645402 -0.027987072 0.998858213
1341846435.113961 0.110946298 -0.027924109 -0.042476770 0.006629985 -0.036302883 -0.029389979 0.998886585
1341846435.146181 0.121451192 -0.036387242 -0.040027153 0.008833130 -0.038138248 -0.027456429 0.998856127
1341846435.182052 0.119487420 -0.037390333 -0.053744033 0.010402317 -0.041539244 -0.024236871 0.998788714
1341846435.213955 0.138790503 -0.048617423 -0.048712693 0.011884282 -0.049214162 -0.019802682 0.998521209
1341846435.246495 0.151241362 -0.049554400 -0.058166571 0.015278915 -0.055471700 -0.013190015 0.998256266
1341846435.281968 0.152818248 -0.051351212 -0.071475051 0.015839567 -0.064719148 -0.013103892 0.997691810
1341846435.319946 0.153178781 -0.044217329 -0.067343697 0.015328408 -0.071977027 -0.014505046 0.997183084
1341846435.382078 0.186983645 -0.062148381 -0.052016865 0.010409367 -0.083844684 -0.009905346 0.996375263
1341846435.414309 0.188947037 -0.054913297 -0.062869020 0.014468680 -0.085722826 -0.009343284 0.996170163
1341846435.450323 0.209013298 -0.062846877 -0.061393876 0.015862247 -0.092897207 -0.006049728 0.995530963
1341846435.482273 0.229575038 -0.063985735 -0.052449811 0.016226439 -0.095150948 -0.006964277 0.995306253
1341846435.513983 0.244673342 -0.057390422 -0.048659943 0.017162070 -0.093577206 -0.008982989 0.995423615
1341846435.550153 0.250359416 -0.051310867 -0.052487615 0.015759612 -0.092481889 -0.009909920 0.995540321
1341846435.582003 0.254912972 -0.074031979 -0.061712019 0.012577008 -0.094453976 -0.013138034 0.995363057
1341846435.618180 0.275374770 -0.071539514 -0.069549009 0.015888654 -0.101769440 -0.012024224 0.994608462
1341846435.650183 0.296918005 -0.048609652 -0.057112277 0.020917777 -0.109687015 -0.014848841 0.993635118
1341846435.681920 0.300493002 -0.068920948 -0.030751100 0.022161249 -0.111153387 -0.016272193 0.993422866
1341846435.717877 0.319854915 -0.059491944 -0.052970454 0.023765743 -0.112449415 -0.017045207 0.993226945
1341846435.750187 0.346113831 -0.049477663 -0.047710132 0.024380989 -0.116211817 -0.018710425 0.992748916
1341846435.782022 0.371984184 -0.042202640 -0.056623738 0.025846569 -0.120850384 -0.018806171 0.992155969
1341846435.818082 0.403272927 -0.036924578 -0.052625634 0.026514564 -0.125879958 -0.019963581 0.991490126
1341846435.849992 0.432438493 -0.035018086 -0.049364649 0.027570002 -0.129459262 -0.019971550 0.991000175
1341846435.886101 0.458746046 -0.038262460 -0.052770756 0.027993137 -0.134579912 -0.020454688 0.990296066
1341846435.918077 0.494550288 -0.034751847 -0.036816344 0.028247600 -0.139665246 -0.020315066 0.989587307
1341846435.950077 0.526912212 -0.041330036 -0.016701266 0.027482703 -0.145138413 -0.017534871 0.988874137
1341846435.986080 0.563124895 -0.049108140 -0.015158832 0.028253669 -0.151240930 -0.015641823 0.987969279
1341846436.018119 0.602061749 -0.050580170 -0.023087781 0.029477036 -0.158236802 -0.015241392 0.986843467
1341846436.050565 0.648737788 -0.051280428 0.000395427 0.028731849 -0.165709987 -0.012653352 0.985674679
1341846436.085970 0.690728009 -0.055380598 0.005631662 0.026293764 -0.170986980 -0.010148019 0.984870076
1341846436.118116 0.706129849 -0.053907450 0.021053307 0.025158975 -0.177233770 -0.008035865 0.983814359
1341846436.153952 0.721310258 -0.055555221 0.031184096 0.025442375 -0.180623725 -0.006254889 0.983203292
1341846436.185994 0.729528964 -0.055366881 0.038139194 0.026345666 -0.182112455 -0.004411952 0.982914805
1341846436.218096 0.739745677 -0.051678404 0.042212009 0.028024232 -0.186146379 -0.002437160 0.982119262
1341846436.253965 0.754886329 -0.039323419 0.044359244 0.028516624 -0.187737599 -0.000530408 0.981805027
1341846436.286007 0.758157969 -0.045224998 0.048917189 0.024682898 -0.187129796 -0.000884910 0.982024670
1341846436.318164 0.761068285 -0.056747794 0.052698907 0.024434142 -0.189833894 -0.000157336 0.981512129
1341846436.354084 0.772787452 -0.048244849 0.048043434 0.025115894 -0.192093492 -0.000976306 0.981054723
1341846436.385958 0.776924968 -0.056931470 0.049954578 0.022936294 -0.192182288 -0.003299009 0.981085658
1341846436.422052 0.774072111 -0.062133059 0.053498413 0.022849776 -0.194130704 -0.002806455 0.980705500
1341846436.453972 0.791970968 -0.057675999 0.095561728 0.024372675 -0.201189026 -0.000318766 0.979249179
1341846436.485966 0.788423359 -0.056955084 0.056043930 0.025431780 -0.201344550 -0.002685871 0.979186594
1341846436.522075 0.785714984 -0.057712868 0.052671053 0.023490632 -0.203541279 -0.003869299 0.978776872
1341846436.553975 0.797950625 -0.060723875 0.104470141 0.021528315 -0.211720347 -0.001416309 0.977092147
1341846436.590103 0.779306948 -0.058602262 0.046241611 0.021889964 -0.214610472 -0.006240450 0.976434469
1341846436.622042 0.801379442 -0.056398626 0.071104936 0.019559238 -0.221319124 -0.007521104 0.974976301
1341846436.654125 0.808172703 -0.054918107 0.108841158 0.018330425 -0.225586459 -0.010276655 0.973996520
1341846436.690078 0.824917376 -0.056917746 0.158981502 0.018201975 -0.234624907 -0.006785833 0.971891880
1341846436.722015 0.859021544 -0.055396859 0.203694865 0.016849153 -0.246052474 -0.001766739 0.969108462
1341846436.754167 0.878881276 -0.064567894 0.249961004 0.014920998 -0.255647331 -0.002558102 0.966651618
1341846436.790021 0.894461870 -0.065632209 0.296347260 0.017673386 -0.266083986 0.000280189 0.963787794
1341846436.822079 0.938979328 -0.071102843 0.320053279 0.015976943 -0.278615326 0.002557775 0.960266471
1341846436.858129 0.950705886 -0.061576728 0.305116445 0.014944066 -0.280845761 0.001307794 0.959635675
1341846436.889894 0.947393179 -0.072834544 0.310851872 0.011102415 -0.282712728 0.001892350 0.959138513
1341846436.922139 0.948239148 -0.069198079 0.331058741 0.012363588 -0.287786961 0.007601571 0.957584500
1341846436.958108 0.955332518 -0.070473775 0.323892325 0.011134542 -0.291839689 0.008629699 0.956363559
1341846436.990096 0.947267771 -0.083321914 0.326682121 0.007704859 -0.293693155 0.006373647 0.955847442
1341846437.058136 0.949078262 -0.088431925 0.314594328 0.006944611 -0.300028354 0.005117814 0.953891277
1341846437.096585 0.930147111 -0.096618049 0.346511304 0.004248182 -0.304088801 0.005855281 0.952616215
1341846437.126102 0.913433671 -0.134596631 0.362244546 -0.006781404 -0.305507392 0.001103327 0.952164948
1341846437.158050 0.888629675 -0.171802118 0.404351860 -0.020852437 -0.307751119 -0.007872518 0.951205790
1341846437.226114 0.855106056 -0.198882371 0.419581354 -0.044444766 -0.307658494 -0.016485279 0.950315297
1341846437.258123 0.823745728 -0.200212434 0.441037685 -0.055575240 -0.304092497 -0.016834294 0.950871050
1341846437.290095 0.800861418 -0.206795976 0.458704114 -0.064082205 -0.303827316 -0.016924195 0.950418949
1341846437.326061 0.762509942 -0.204157591 0.467541635 -0.071536705 -0.299895763 -0.018180359 0.951112270
1341846437.364153 0.745747328 -0.201604843 0.482341051 -0.076280177 -0.301417351 -0.020267757 0.950220108
1341846437.396140 0.710299015 -0.183848202 0.474383622 -0.075832628 -0.296369344 -0.020559400 0.951836109
1341846437.431962 0.689060569 -0.182293653 0.472633153 -0.079658918 -0.296942502 -0.019573782 0.951365590
1341846437.464061 0.657883465 -0.183784604 0.478794575 -0.089613385 -0.296510488 -0.020905800 0.950586081
1341846437.500080 0.636702240 -0.170613050 0.475431651 -0.090172097 -0.294581175 -0.021535249 0.951118946
1341846437.536428 0.603659987 -0.171623558 0.469626158 -0.090438440 -0.292290688 -0.024363918 0.951731801
1341846437.568842 0.583193779 -0.168521181 0.469714731 -0.084908083 -0.292840868 -0.027630910 0.951982915
1341846437.600736 0.552555323 -0.173343003 0.454107583 -0.082052939 -0.287106425 -0.026545450 0.954008698
1341846437.632742 0.516068459 -0.177475095 0.443304628 -0.080815211 -0.278693318 -0.029949406 0.956505120
1341846437.669713 0.478329748 -0.189684749 0.433554649 -0.082408696 -0.271390438 -0.030271174 0.958456933
1341846437.700232 0.438253552 -0.193139687 0.429058045 -0.081278481 -0.262023568 -0.036891151 0.960924804
1341846437.739652 0.397777170 -0.198793292 0.435844123 -0.080804445 -0.249436587 -0.045172978 0.963956177
1341846437.795294 0.307255805 -0.202744082 0.442249179 -0.079681516 -0.224332213 -0.061520379 0.969299316
1341846437.830422 0.261949003 -0.202042460 0.431510776 -0.076591372 -0.215390727 -0.062642880 0.971502185
1341846437.863213 0.225871161 -0.193081230 0.424330562 -0.073673189 -0.207840979 -0.060614862 0.973498940
1341846437.930096 0.128163293 -0.187414765 0.353856832 -0.070268571 -0.179467201 -0.063226737 0.979212105
1341846437.961942 0.091709986 -0.180027559 0.354931116 -0.069325872 -0.176075205 -0.062373862 0.979949474
1341846437.994103 0.111469187 -0.178948522 0.338299423 -0.069465511 -0.179041699 -0.059138943 0.979602575
1341846438.030032 0.086709604 -0.187109917 0.322039723 -0.077068962 -0.172756806 -0.062356636 0.979962826
1341846438.068074 0.076147422 -0.184969038 0.323860615 -0.078045286 -0.172488332 -0.066111572 0.979686737
1341846438.130017 0.104198575 -0.200650305 0.364288837 -0.073943317 -0.181135476 -0.060922895 0.978780270
1341846438.164374 0.104565002 -0.196390212 0.354399502 -0.072856300 -0.179294810 -0.065790534 0.978885531
1341846438.198015 0.109124310 -0.191076979 0.361704111 -0.074109107 -0.178082854 -0.066172823 0.978986979
1341846438.229906 0.100628026 -0.176506057 0.348607689 -0.067973018 -0.177016214 -0.067111760 0.979561627
1341846438.262251 0.118680641 -0.172254041 0.348697364 -0.066015854 -0.178650931 -0.067558140 0.979368031
1341846438.298333 0.119834125 -0.200144976 0.376593173 -0.072731279 -0.171058118 -0.069981262 0.980077505
1341846438.329987 0.106095009 -0.170010284 0.345014542 -0.064197414 -0.160661504 -0.070884213 0.982365549
1341846438.366126 0.118359946 -0.151214376 0.348104864 -0.062065162 -0.159403548 -0.068188541 0.982898176
1341846438.398154 0.106100395 -0.180101916 0.378779322 -0.072232388 -0.153455645 -0.073687233 0.982753277
1341846438.430136 0.059855752 -0.217027292 0.375956386 -0.079345286 -0.137976587 -0.074264131 0.984454989
1341846438.465965 0.068918481 -0.205844313 0.411603183 -0.076726682 -0.135822609 -0.065747619 0.985567153
1341846438.530106 0.074445002 -0.159295797 0.393013448 -0.070999235 -0.134099111 -0.062144171 0.986465752
1341846438.566686 0.055382453 -0.161242872 0.399751961 -0.071277015 -0.131353661 -0.060846977 0.986895919
1341846438.598145 0.047868140 -0.133890048 0.399648517 -0.064514913 -0.132559970 -0.059536979 0.987279654
1341846438.634113 0.052942839 -0.167150348 0.408284366 -0.072050527 -0.130236506 -0.056561556 0.987242579
1341846438.665920 0.078552812 -0.164979383 0.421948850 -0.075567111 -0.126006424 -0.055076730 0.987612605
1341846438.697986 0.036044836 -0.171107337 0.435557783 -0.075275622 -0.111832105 -0.056792289 0.989243090
1341846438.734146 0.014178530 -0.169170082 0.388169020 -0.068868756 -0.100766763 -0.053735591 0.991068006
1341846438.766996 0.028113540 -0.140722618 0.399392694 -0.067510933 -0.092855044 -0.050017290 0.992128253
1341846438.801972 0.004042685 -0.143504128 0.397967190 -0.072680600 -0.078621514 -0.052246436 0.992877901
1341846438.834118 -0.005490031 -0.146274284 0.417852581 -0.075119905 -0.072192341 -0.051076695 0.993245423
1341846438.865936 -0.018746110 -0.157832906 0.427105695 -0.072869644 -0.066240437 -0.047553491 0.994002461
1341846438.902045 -0.030291522 -0.150718704 0.410389602 -0.067997791 -0.060811847 -0.046761233 0.994731903
1341846438.934115 -0.049028281 -0.133947849 0.422163129 -0.067009315 -0.053937275 -0.053181220 0.994872987
1341846438.966314 -0.045909151 -0.138638347 0.436475903 -0.068887338 -0.052074835 -0.056231599 0.994676292
1341846439.001871 -0.056267049 -0.138836756 0.443156600 -0.067369118 -0.045387905 -0.057954583 0.995008886
1341846439.034612 -0.069120146 -0.138510212 0.444280922 -0.065347672 -0.038027477 -0.059630733 0.995353162
1341846439.070117 -0.075391002 -0.133551180 0.453211218 -0.061433863 -0.031655185 -0.059662078 0.995823383
1341846439.101969 -0.095001198 -0.139576972 0.445705324 -0.057951335 -0.020979851 -0.063074745 0.996103942
1341846439.134146 -0.105590306 -0.141951993 0.445826679 -0.053545542 -0.014384092 -0.062125430 0.996527255
1341846439.170111 -0.127626941 -0.136048451 0.444276571 -0.047216441 -0.004621773 -0.061857205 0.996956885
1341846439.202174 -0.147790879 -0.130334750 0.441929311 -0.043456063 0.004328175 -0.063460186 0.997028470
1341846439.234198 -0.154879645 -0.129941240 0.445635885 -0.041889265 0.011616074 -0.062925093 0.997071087
1341846439.269869 -0.169487074 -0.132525548 0.449744046 -0.037768662 0.020858712 -0.064312100 0.996996701
1341846439.302022 -0.191027030 -0.131549448 0.445170045 -0.032162171 0.028713373 -0.065536693 0.996918321
1341846439.338209 -0.214270562 -0.111799195 0.446620256 -0.027413830 0.035983201 -0.068549700 0.996621668
1341846439.369920 -0.215304047 -0.123816974 0.450408280 -0.029800694 0.040437285 -0.070767157 0.996227324
1341846439.402179 -0.251023680 -0.132957563 0.448348910 -0.025986699 0.049061954 -0.074116305 0.995702982
1341846439.437979 -0.261818200 -0.132106945 0.444643021 -0.021086512 0.050853346 -0.071073383 0.995950758
1341846439.470001 -0.274624228 -0.120937310 0.440375358 -0.017527271 0.054880440 -0.071360894 0.995785415
1341846439.502101 -0.294915140 -0.120894261 0.446416259 -0.016127350 0.060989425 -0.074793205 0.995201588
1341846439.538102 -0.315901130 -0.121116623 0.454891950 -0.012832301 0.064125866 -0.076678850 0.994908810
1341846439.570087 -0.328886271 -0.113215491 0.448925525 -0.007792504 0.065434732 -0.076229483 0.994910359
1341846439.605986 -0.341051877 -0.109923907 0.448611557 -0.005289569 0.068894595 -0.075854130 0.994721949
1341846439.638201 -0.352635205 -0.110422418 0.448027164 -0.003856306 0.072602220 -0.075397521 0.994499505
1341846439.670177 -0.366216242 -0.109111533 0.459995031 -0.002354158 0.076627359 -0.077051945 0.994075358
1341846439.706034 -0.371850371 -0.104201995 0.465008378 -0.000678762 0.079035856 -0.076795951 0.993909121
1341846439.737939 -0.380084842 -0.106160246 0.466421723 0.001380967 0.081980646 -0.075114414 0.993798375
1341846439.774173 -0.381703883 -0.105955437 0.463309437 0.003735612 0.087279245 -0.073788986 0.993440270
1341846439.806288 -0.404636621 -0.094697021 0.469371706 0.006594259 0.096324831 -0.074898787 0.992506027
1341846439.846398 -0.411432415 -0.093395025 0.465973705 0.005218835 0.101376995 -0.076257363 0.991907418
1341846439.906194 -0.434712440 -0.099052250 0.479055226 0.003393669 0.119283743 -0.081209213 0.989527702
1341846439.938149 -0.454649597 -0.092413306 0.486661255 0.006082032 0.126658916 -0.080064267 0.988691211
1341846439.974174 -0.455297321 -0.077289678 0.466823369 0.005201980 0.131626755 -0.079760641 0.988071680
1341846440.006174 -0.459625781 -0.071731336 0.484022468 0.000323403 0.141461521 -0.080709688 0.986648142
1341846440.042214 -0.482019871 -0.083677039 0.512130439 -0.003458417 0.150729731 -0.078311175 0.985462308
1341846440.073971 -0.516888320 -0.079552442 0.508767128 -0.000557586 0.159232557 -0.074740022 0.984407783
1341846440.106449 -0.525809646 -0.073916823 0.499577731 -0.000993461 0.166860595 -0.076050498 0.983042657
1341846440.142076 -0.544295549 -0.082855500 0.514302671 -0.001948205 0.174757972 -0.076512679 0.981632173
1341846440.173898 -0.551847756 -0.083000645 0.519328415 0.002994074 0.178335488 -0.071102448 0.981392920
1341846440.206048 -0.572555006 -0.063714989 0.525437474 0.007333116 0.184333384 -0.068167046 0.980469644
1341846440.242218 -0.593870699 -0.071322158 0.531777859 0.007033640 0.187354222 -0.066771798 0.979995131
1341846440.274220 -0.602702677 -0.075424090 0.534815609 0.011165235 0.188475206 -0.068684012 0.979609609
1341846440.310040 -0.609528482 -0.061202757 0.527142107 0.016035648 0.192987815 -0.067900397 0.978717625
1341846440.341908 -0.620944858 -0.054436192 0.539459586 0.017134445 0.198851123 -0.066872843 0.977595329
1341846440.374065 -0.642434299 -0.061236285 0.545925260 0.018255515 0.203961119 -0.066612951 0.976539493
1341846440.410065 -0.650723100 -0.058642082 0.546522141 0.020991266 0.207239971 -0.068076879 0.975692868
1341846440.442063 -0.651347160 -0.056111328 0.551223218 0.023507137 0.211328015 -0.070791654 0.974564731
1341846440.474055 -0.672583997 -0.052057523 0.562387764 0.024962561 0.216913566 -0.074692592 0.973008931
1341846440.510034 -0.684678257 -0.042932801 0.565679848 0.026134094 0.219682679 -0.077493601 0.972137570
1341846440.542081 -0.701655447 -0.036163248 0.562141001 0.025097623 0.224740192 -0.079459377 0.970849216
1341846440.578060 -0.712637544 -0.041623741 0.570798874 0.022101924 0.230322927 -0.082080290 0.969394505
1341846440.610154 -0.732739687 -0.044686191 0.578733444 0.022498645 0.236547619 -0.084800899 0.967650712
1341846440.642042 -0.746882021 -0.034683011 0.578396499 0.024108646 0.239483371 -0.083665304 0.966988444
1341846440.678071 -0.760752082 -0.029144742 0.577380359 0.023109721 0.241714731 -0.081892334 0.966609359
1341846440.710213 -0.768923461 -0.025010126 0.575208664 0.021184850 0.246112704 -0.081375271 0.965586782
1341846440.742033 -0.792783499 -0.019786296 0.583933830 0.018661795 0.253521919 -0.080927841 0.963757813
1341846440.778145 -0.813280106 -0.021685693 0.595503032 0.015617988 0.257891446 -0.079769745 0.962748647
1341846440.810360 -0.821379900 -0.024744418 0.586224496 0.014079245 0.260047138 -0.077866130 0.962348282
1341846440.846329 -0.833549857 -0.031600684 0.595521092 0.013266535 0.265659690 -0.077561893 0.960850239
1341846440.878141 -0.865563989 -0.027608396 0.603858769 0.016345052 0.270926327 -0.075041972 0.959531426
1341846440.920960 -0.876844168 -0.004434430 0.607363343 0.017798839 0.271743894 -0.073322155 0.959407270
1341846440.952308 -0.879133701 -0.001930137 0.608223021 0.012949432 0.273883104 -0.070177771 0.959111869
1341846440.986714 -0.897861838 -0.017662924 0.619750440 0.009712968 0.278924704 -0.066388570 0.957966208
1341846441.052118 -0.932521582 -0.013686950 0.639577568 0.016697684 0.275367707 -0.057661500 0.959462881
1341846441.114116 -0.956837773 -0.005318967 0.635406673 0.019427031 0.279480219 -0.056713130 0.958278239
1341846441.146132 -0.979126751 0.001053257 0.648487389 0.019779379 0.279306084 -0.057725966 0.958261251
1341846441.178054 -0.974760950 0.004381713 0.638021827 0.018906586 0.277696341 -0.057771273 0.958743930
1341846441.214136 -0.971901000 0.000810243 0.641155958 0.016505772 0.283122897 -0.058548875 0.957152545
1341846441.246039 -0.999000907 -0.004779511 0.656569242 0.016414808 0.289633274 -0.061830960 0.954997420
1341846441.282130 -1.006971359 0.000432923 0.645858288 0.018048652 0.290302902 -0.063641220 0.954645634
1341846441.314084 -1.011946797 0.004350708 0.636131942 0.016764078 0.294060171 -0.065767586 0.953374207
1341846441.346088 -1.029856443 -0.002256258 0.654623091 0.015168467 0.300848067 -0.067244604 0.951177478
1341846441.382129 -1.046545982 -0.006258669 0.664024591 0.017147571 0.303078651 -0.069644101 0.950262666
1341846441.414517 -1.057726264 0.000195048 0.662524760 0.020011783 0.302717209 -0.069241174 0.950351238
1341846441.445996 -1.060638785 0.004446684 0.660622120 0.020474471 0.302761286 -0.070458405 0.950237930
1341846441.482023 -1.078179598 0.005246538 0.667107880 0.019019732 0.306181908 -0.071980797 0.949057221
1341846441.514114 -1.096420407 0.000106469 0.690947950 0.018145457 0.306463689 -0.073348992 0.948878646
1341846441.582260 -1.111409783 0.008281555 0.674065232 0.022342855 0.302742839 -0.069094427 0.950301886
1341846441.614425 -1.127289772 0.001665573 0.686866522 0.020606309 0.306574523 -0.071004301 0.948970973
1341846441.650563 -1.145563126 -0.006117391 0.700971961 0.023458492 0.307232589 -0.070535444 0.948726892
1341846441.681977 -1.147688627 0.006782761 0.692488253 0.027532358 0.306536853 -0.068956777 0.948958397
1341846441.714170 -1.150762916 0.022733103 0.693517029 0.025982816 0.310693175 -0.069657728 0.947598279
1341846441.750023 -1.172079325 0.020499222 0.705379009 0.021157071 0.316386729 -0.070014149 0.945806503
1341846441.781910 -1.182920694 0.020053536 0.713532031 0.018323598 0.319530129 -0.068270430 0.944935977
1341846441.818076 -1.189710140 0.020166736 0.717986107 0.015694315 0.322183669 -0.067837827 0.944113016
1341846441.850011 -1.192518950 0.021077350 0.723086298 0.011996952 0.324550688 -0.068584308 0.943302274
1341846441.882149 -1.208088636 0.026687853 0.738725066 0.008585751 0.328676075 -0.067727491 0.941972017
1341846441.918074 -1.215391397 0.028692625 0.743899584 0.004018219 0.329375058 -0.067004316 0.941810131
1341846441.950113 -1.225812197 0.024654657 0.756817818 -0.001723994 0.332345217 -0.066961929 0.940776229
1341846441.986157 -1.242092848 0.017948918 0.772918880 -0.005771080 0.334214836 -0.064178333 0.940291584
1341846442.018070 -1.247822046 0.018144604 0.774406910 -0.006309027 0.332666367 -0.060152736 0.941103041
1341846442.050044 -1.253747821 0.018029192 0.774864912 -0.007495310 0.334168375 -0.056841694 0.940767944
1341846442.086050 -1.262343526 0.022104263 0.785270631 -0.009406441 0.338329285 -0.053349085 0.939467311
1341846442.118273 -1.277022362 0.008167186 0.808540225 -0.012914575 0.342128813 -0.051335357 0.938160896
1341846442.150914 -1.283011913 -0.006670358 0.841372430 -0.011260347 0.343607455 -0.050447248 0.937689841
1341846442.186309 -1.291158795 -0.001480106 0.819476724 -0.007023915 0.342884809 -0.050492916 0.937993169
1341846442.254276 -1.310642958 -0.002948790 0.829292059 -0.005595685 0.350688726 -0.051547136 0.935055673
1341846442.286112 -1.277814507 -0.009294249 0.782297730 -0.005437433 0.350877523 -0.045630258 0.935293138
1341846442.318240 -1.322972775 -0.009002803 0.797341526 -0.015606391 0.365810901 -0.049632821 0.929233789
1341846442.359932 -1.360410094 -0.000865560 0.832244337 -0.021352785 0.379132509 -0.050132964 0.923736572
1341846442.417971 -1.300656438 -0.012041699 0.844178855 -0.027433503 0.388491958 -0.045785423 0.919904947
1341846442.455016 -1.336290359 -0.000819199 0.873032868 -0.029668489 0.399084181 -0.045156989 0.915320992
1341846442.486191 -1.373634577 0.011669487 0.902137160 -0.028974773 0.408431649 -0.042213399 0.911351800
1341846442.522074 -1.416342974 0.018980421 0.929062724 -0.027208017 0.426356763 -0.027818348 0.903717756
1341846442.553917 -1.453636646 0.034463972 0.957884490 -0.031786174 0.443861991 -0.035814818 0.894814789
1341846442.585989 -1.490476131 0.049332656 0.990909278 -0.034765434 0.462077379 -0.039549496 0.885274947
1341846442.627895 -1.514003754 0.053999387 1.033082247 -0.035677530 0.478116781 -0.036463309 0.876813471
1341846442.686166 -1.580771923 0.063270539 1.107034922 -0.033542655 0.508524954 -0.047544010 0.859079063
1341846442.721990 -1.612601280 0.071402393 1.149141550 -0.029983792 0.522767663 -0.056072213 0.850100517
1341846442.754276 -1.646281004 0.071300775 1.197063684 -0.027242348 0.535215378 -0.053485569 0.842580378
1341846442.790054 -1.580718994 0.073902719 1.148388267 -0.025349362 0.522755384 -0.049586266 0.850661755
1341846442.822072 -1.575655222 0.082728162 1.181938648 -0.028789205 0.527647614 -0.054120060 0.847248614
1341846442.854093 -1.605076551 0.084105901 1.227511406 -0.029424950 0.536770880 -0.051517490 0.841639578
1341846442.889944 -1.587181449 0.075179122 1.218967438 -0.028053988 0.531466007 -0.050367393 0.845115364
1341846442.922114 -1.581922174 0.085482314 1.229675531 -0.026983082 0.532646477 -0.050079536 0.844423950
1341846442.954040 -1.594911814 0.091969319 1.268887043 -0.024799410 0.543173194 -0.047267441 0.837922275
1341846442.989997 -1.584161758 0.080891117 1.273280144 -0.021557432 0.539454281 -0.045260999 0.840521216
1341846443.022264 -1.622153759 0.087026760 1.315989971 -0.017598748 0.540989697 -0.035628136 0.840089917
1341846443.058071 -1.592594862 0.077630788 1.277816653 -0.019400040 0.534856439 -0.039593231 0.843791842
1341846443.090123 -1.603787422 0.081584513 1.311545968 -0.015879277 0.542492330 -0.037746172 0.839062095
1341846443.122143 -1.607165337 0.088905901 1.335681081 -0.012226175 0.540446877 -0.033765495 0.840611398
1341846443.158076 -1.599868774 0.100299440 1.351207972 -0.008333290 0.539536953 -0.032364432 0.841298461
1341846443.190201 -1.608592987 0.083933771 1.330296278 -0.007868504 0.538591146 -0.028729992 0.842040539
1341846443.226121 -1.623688340 0.096941218 1.362485886 -0.004224619 0.542324185 -0.026059629 0.839754522
1341846443.257975 -1.623649836 0.102539569 1.368115425 -0.002963438 0.540190935 -0.023962459 0.841196060
1341846443.289997 -1.624930143 0.087862909 1.360856295 -0.002785598 0.539319456 -0.020569250 0.841845453
1341846443.326118 -1.632898331 0.105421573 1.392703772 0.001853087 0.544414222 -0.019897632 0.838578463
1341846443.358067 -1.632164598 0.111242205 1.413928032 0.004531718 0.546676874 -0.019306885 0.837108850
1341846443.390137 -1.626914144 0.095176443 1.387064219 0.000131293 0.541162789 -0.022278227 0.840622723
1341846443.426198 -1.631259441 0.099051133 1.401292801 -0.001937154 0.546901405 -0.023386177 0.836868167
1341846443.458405 -1.641763091 0.086958155 1.418315291 -0.005083277 0.552485824 -0.021505348 0.833229363
1341846443.494173 -1.640221715 0.091063924 1.426311970 -0.002975762 0.555085123 -0.021349685 0.831514239
1341846443.558139 -1.640694022 0.116566204 1.426286936 -0.007086776 0.563393891 -0.018584523 0.825949013
1341846443.594027 -1.638622522 0.118854836 1.432291031 -0.008367256 0.567856491 -0.014122805 0.822963953
1341846443.626290 -1.645307064 0.119602785 1.440363407 -0.011587291 0.574201405 -0.011634008 0.818549454
1341846443.658166 -1.652995467 0.127555430 1.448537946 -0.015617696 0.582195163 -0.007289656 0.812866390
1341846443.694065 -1.653582931 0.131332129 1.464589357 -0.016893599 0.588803768 -0.005005420 0.808084011
1341846443.726282 -1.641845942 0.121478721 1.511495113 -0.021167642 0.596190870 -0.004994038 0.802548110
1341846443.770837 -1.644073725 0.128314748 1.524131298 -0.018938055 0.598490000 -0.002322454 0.800903022
1341846443.800403 -1.655559897 0.144547626 1.532779932 -0.018257217 0.599389732 -0.001930770 0.800246775
1341846443.831984 -1.654830217 0.139337197 1.545813560 -0.027019411 0.599106491 -0.000386835 0.800213218
1341846443.868057 -1.657163501 0.142951429 1.562046528 -0.030195169 0.600476503 0.000383037 0.799072027
1341846443.900439 -1.670903683 0.137892544 1.592358589 -0.030371729 0.602148652 0.004818795 0.797791481
1341846443.932086 -1.655478835 0.131178916 1.599238873 -0.031948540 0.597512305 0.003804198 0.801214099
1341846443.993912 -1.659427643 0.141830206 1.620223522 -0.028676929 0.599025965 0.000193588 0.800215900
1341846444.029924 -1.666178823 0.147803247 1.639763355 -0.031157428 0.601384521 -0.000503860 0.798351884
1341846444.061948 -1.664877653 0.144289911 1.638626337 -0.035593480 0.598662198 -0.000653002 0.800210118
1341846444.093984 -1.667241812 0.139768466 1.645340681 -0.038390320 0.598952413 0.000557331 0.799863636
1341846444.129916 -1.661660194 0.141971961 1.650083423 -0.038461592 0.599077463 0.000932956 0.799766302
1341846444.162326 -1.664989233 0.147011220 1.657047272 -0.038763463 0.601116061 0.000662899 0.798220813
1341846444.198431 -1.671408772 0.156625897 1.673139572 -0.040111098 0.602269709 0.002218900 0.797281265
1341846444.229953 -1.662748933 0.158883408 1.680037022 -0.042882986 0.599916458 0.005682149 0.798892379
1341846444.261919 -1.659425020 0.148295328 1.688389659 -0.042396996 0.597929358 0.008810311 0.800378263
1341846444.298029 -1.659641981 0.160772383 1.681432009 -0.039926458 0.594202697 0.011120931 0.803246737
1341846444.335959 -1.657600760 0.171739966 1.686601400 -0.046115287 0.591298878 0.011281822 0.805053949
1341846444.398189 -1.660577416 0.161044896 1.696504593 -0.045804515 0.585265815 0.014135932 0.809423268
1341846444.429979 -1.664833784 0.163260669 1.686298132 -0.047652971 0.581285715 0.014429755 0.812174857
1341846444.466022 -1.660022855 0.156811029 1.691142440 -0.051523246 0.580093503 0.013430730 0.812807858
1341846444.498181 -1.658871770 0.160513580 1.692967892 -0.049827479 0.577023625 0.014015243 0.815085590
1341846444.530364 -1.662932634 0.158767492 1.685185671 -0.050344963 0.570797205 0.013708239 0.819431543
1341846444.566040 -1.665921450 0.153024137 1.673322201 -0.052119754 0.567666531 0.011617172 0.821525037
1341846444.598132 -1.665365815 0.153840452 1.667482257 -0.052690361 0.565257430 0.009138954 0.823179424
1341846444.630024 -1.662976146 0.152173176 1.661449909 -0.051563002 0.560896039 0.009157645 0.826228201
1341846444.666108 -1.659854770 0.146941528 1.640984535 -0.049824364 0.556506157 0.009400477 0.829294980
1341846444.697995 -1.662661552 0.144120067 1.631953716 -0.047923818 0.558005214 0.007104806 0.828422010
1341846444.734205 -1.661547065 0.140435845 1.624314785 -0.045937039 0.557549834 0.005745253 0.828851640
1341846444.766262 -1.658832073 0.131940424 1.607338667 -0.041985307 0.555276513 0.005959294 0.830584049
1341846444.798037 -1.660880089 0.134102032 1.587786436 -0.038061198 0.554322302 0.005282436 0.831414640
1341846444.833972 -1.663084269 0.137021646 1.565583706 -0.036843266 0.552650690 0.004286714 0.832587242
1341846444.866116 -1.659653783 0.131066456 1.554668427 -0.036541160 0.550730169 0.004151073 0.833872795
1341846444.898025 -1.661020994 0.129402593 1.533064246 -0.034350138 0.547249794 0.004640839 0.836251318
1341846444.934155 -1.660841942 0.134801790 1.511966467 -0.033959627 0.543874502 0.005829529 0.838458955
1341846444.972057 -1.658506632 0.122500218 1.497108459 -0.037638549 0.540726602 0.005914467 0.840335190
1341846445.034071 -1.655444264 0.125714988 1.463816166 -0.036273226 0.534669995 0.005071455 0.844266832
1341846445.065987 -1.655809402 0.122990236 1.461145878 -0.039179411 0.533168435 0.005066008 0.845086217
1341846445.102399 -1.658893943 0.111460224 1.431485415 -0.039742563 0.528655112 0.005289559 0.847889423
1341846445.134054 -1.650877118 0.115188599 1.427617073 -0.039232563 0.524111986 0.001279782 0.850744367
1341846445.170198 -1.651423931 0.112203777 1.411831379 -0.042081382 0.515647650 -0.001390993 0.855765641
1341846445.202068 -1.643948913 0.105886713 1.398999691 -0.041357309 0.510612726 -0.006620282 0.858790100
1341846445.234202 -1.647795081 0.109759763 1.365943432 -0.039489076 0.503946304 -0.011692138 0.862752616
1341846445.270262 -1.637043953 0.108693041 1.351049781 -0.042236667 0.494142771 -0.017890524 0.868169904
1341846445.334212 -1.625805616 0.105091117 1.324284792 -0.044087008 0.484563351 -0.027874524 0.873199761
1341846445.370095 -1.623641372 0.105627410 1.308978796 -0.044027973 0.478559583 -0.028476935 0.876488090
1341846445.401934 -1.621681929 0.101954564 1.276285648 -0.046683930 0.470856160 -0.029306170 0.880486429
1341846445.437937 -1.602565527 0.090733573 1.269116402 -0.048482724 0.467287242 -0.030562539 0.882246017
1341846445.469984 -1.595767856 0.080728225 1.252056599 -0.044445097 0.460103363 -0.031058433 0.886208236
1341846445.502004 -1.585382223 0.085094057 1.228160501 -0.039649889 0.449590832 -0.035798319 0.891635895
1341846445.537946 -1.575229645 0.093631253 1.203664064 -0.036624290 0.445654720 -0.036446508 0.893712640
1341846445.570063 -1.569800258 0.096198305 1.193996549 -0.037879623 0.442225039 -0.040954560 0.895167530
1341846445.602021 -1.556183100 0.089674808 1.169431925 -0.040855199 0.436600626 -0.045566313 0.897571504
1341846445.638006 -1.545534611 0.088674493 1.167248130 -0.039402831 0.435665458 -0.045670971 0.898085356
1341846445.670085 -1.538599491 0.087578431 1.167770028 -0.034485377 0.425371647 -0.048230518 0.903074563
1341846445.706037 -1.534066200 0.089632913 1.140909910 -0.028194657 0.410571158 -0.045348212 0.910263717
1341846445.738075 -1.513185978 0.095495872 1.114049077 -0.026686106 0.399729490 -0.045476776 0.915115356
1341846445.770102 -1.496452332 0.098059587 1.106899023 -0.028624004 0.390611023 -0.047127385 0.918902993
1341846445.806006 -1.493213654 0.086171418 1.089828372 -0.034016170 0.384286582 -0.048599076 0.921306133
1341846445.838049 -1.479781747 0.079014868 1.079294801 -0.032793254 0.378714383 -0.048764244 0.923646092
1341846445.870081 -1.467511415 0.080301315 1.060210466 -0.028423138 0.367580146 -0.053157274 0.928036273
1341846445.906156 -1.452208757 0.087113060 1.041464925 -0.028030084 0.359055459 -0.056837834 0.931162179
1341846445.938036 -1.444624901 0.088728741 1.029131889 -0.033020690 0.353811681 -0.062967204 0.932610393
1341846445.974028 -1.432013750 0.089654312 1.019290924 -0.040132329 0.348498046 -0.069317497 0.933880985
1341846446.006089 -1.412580609 0.071252055 1.003673077 -0.045360275 0.344330847 -0.072845884 0.934918284
1341846446.038148 -1.404458880 0.059115235 0.998207331 -0.040352888 0.339655727 -0.072473213 0.936884940
1341846446.073973 -1.387509108 0.060412116 0.990994990 -0.028623169 0.329189897 -0.069899045 0.941237986
1341846446.106021 -1.373737812 0.068901375 0.960483909 -0.023710463 0.320186049 -0.069432259 0.944509387
1341846446.138290 -1.365721107 0.071661055 0.948606551 -0.026622657 0.316048741 -0.070719592 0.945728898
1341846446.174003 -1.352488160 0.061556272 0.952250659 -0.027968861 0.310917228 -0.069545195 0.947476506
1341846446.206154 -1.334797859 0.059646167 0.932486892 -0.022027377 0.302301079 -0.066928431 0.950604856
1341846446.242005 -1.318164825 0.072717041 0.900977552 -0.021262536 0.300122499 -0.063936062 0.951518059
1341846446.273991 -1.325909019 0.068143010 0.906472206 -0.027663035 0.300850213 -0.062309090 0.951231658
1341846446.306170 -1.307867765 0.067665614 0.904703438 -0.027876407 0.292661369 -0.057781860 0.954061568
1341846446.342032 -1.280380964 0.073204830 0.875423014 -0.026214641 0.285869867 -0.049381811 0.956636131
1341846446.373966 -1.270279765 0.083110683 0.865115345 -0.028158452 0.280928880 -0.046508305 0.958187401
1341846446.410081 -1.261488795 0.077167913 0.865436852 -0.032282170 0.274545014 -0.044546492 0.959999323
1341846446.441987 -1.254413366 0.072225295 0.853554845 -0.035625689 0.271962315 -0.043518532 0.960663021
1341846446.474066 -1.245117307 0.081809975 0.837798715 -0.036651999 0.266479850 -0.042549577 0.962203085
1341846446.510038 -1.252570510 0.067021742 0.838638723 -0.043613549 0.261651784 -0.046404760 0.963059068
1341846446.542120 -1.225051761 0.067040384 0.815282643 -0.045494918 0.255890012 -0.048563860 0.964412868
1341846446.574035 -1.224142194 0.059981607 0.813461661 -0.046766173 0.255113333 -0.052153938 0.964370310
1341846446.610113 -1.214354277 0.068356276 0.794941962 -0.046124127 0.249554873 -0.055013340 0.965695858
1341846446.642107 -1.184393167 0.072678193 0.770820916 -0.049794573 0.244822875 -0.056937810 0.966612816
1341846446.678096 -1.183766603 0.067375600 0.764951229 -0.054502230 0.242637515 -0.059868257 0.966732860
1341846446.710293 -1.173560739 0.078391492 0.752490640 -0.056383260 0.235134512 -0.059356641 0.968508899
1341846446.742013 -1.155634284 0.078574724 0.736257970 -0.061940651 0.230509549 -0.056236424 0.969466984
1341846446.778116 -1.154930830 0.072572395 0.735369802 -0.067801066 0.228981242 -0.056139421 0.969442606
1341846446.810247 -1.145421267 0.071884125 0.729243636 -0.070406936 0.219689965 -0.056387134 0.971390665
1341846446.842072 -1.126702070 0.078905344 0.714201033 -0.071702458 0.213686988 -0.053342968 0.972805858
1341846446.877989 -1.118185878 0.074279532 0.703202367 -0.076574534 0.211170569 -0.051797662 0.973067522
1341846446.910210 -1.107720852 0.069228135 0.696801722 -0.080510184 0.207731053 -0.051531367 0.973504245
1341846446.979416 -1.100110412 0.064498954 0.686057270 -0.086774610 0.207071543 -0.051444132 0.973111033
1341846447.048442 -1.075226426 0.062438086 0.664831161 -0.083111882 0.202178165 -0.049133603 0.974578023
1341846447.110128 -1.014248252 0.065686308 0.631728649 -0.088027574 0.194175541 -0.049170613 0.975771129
1341846447.146292 -1.004040122 0.054714568 0.622993231 -0.091556020 0.196551815 -0.050198603 0.974917948
1341846447.179789 -0.999071419 0.051229540 0.619793952 -0.091927372 0.199821293 -0.051494423 0.974150479
1341846447.216160 -0.995024562 0.060208105 0.609955966 -0.090916499 0.200702295 -0.052143857 0.974029720
1341846447.252104 -0.976584673 0.058349244 0.603778064 -0.094180614 0.201434374 -0.052151971 0.973567963
1341846447.284847 -0.973042786 0.055175688 0.599551558 -0.096843690 0.204961330 -0.053827774 0.972478688
1341846447.320107 -0.981045365 0.060537577 0.601482213 -0.096805349 0.206730247 -0.052108798 0.972201586
1341846447.352050 -0.969716489 0.062409028 0.592630923 -0.098380640 0.206190318 -0.049899358 0.972274065
1341846447.383924 -0.968162119 0.056223303 0.589195132 -0.103213906 0.210445717 -0.051536378 0.970774770
1341846447.420069 -0.973947942 0.052594550 0.595547974 -0.106382214 0.213693202 -0.050706875 0.969766438
1341846447.452015 -0.987632692 0.060249619 0.601461530 -0.106300935 0.215412199 -0.047751106 0.969545066
1341846447.488160 -0.968142986 0.060123570 0.589210510 -0.107894257 0.212896705 -0.046526726 0.969984114
1341846447.520057 -0.977702975 0.051726501 0.596978784 -0.112284191 0.215770245 -0.047330946 0.968811333
1341846447.551976 -0.973824084 0.023634300 0.596148074 -0.118244305 0.210903838 -0.042600088 0.969393134
1341846447.588058 -0.969790578 0.032773927 0.585851610 -0.117595397 0.206672013 -0.042048328 0.970407128
1341846447.620036 -0.968098223 0.032728776 0.577311277 -0.122028761 0.204488456 -0.041064546 0.970364511
1341846447.656059 -0.968832791 0.036776111 0.577494800 -0.127194062 0.204034209 -0.041513085 0.969777524
1341846447.688035 -0.977965295 0.021540828 0.587038994 -0.131920755 0.204758599 -0.038853526 0.969103336
1341846447.719948 -0.982301950 0.015271068 0.588174343 -0.132979050 0.202205986 -0.034235366 0.969668627
1341846447.756116 -0.975264132 0.018305652 0.582871139 -0.133107945 0.199258670 -0.031358242 0.970358133
1341846447.787990 -0.972953558 0.026085455 0.574833095 -0.133801863 0.200094327 -0.029538283 0.970147908
1341846447.823997 -0.979426146 0.014297940 0.577571154 -0.138390809 0.202738762 -0.027875192 0.969003618
1341846447.856048 -0.973691106 0.006761655 0.573910177 -0.139419749 0.201874539 -0.026487747 0.969075501
1341846447.888261 -0.974194765 0.010511976 0.569065630 -0.137570083 0.204597428 -0.027056905 0.968752980
1341846447.924141 -0.979292333 0.011006236 0.568546712 -0.137586281 0.208786979 -0.028449552 0.967816472
1341846447.956316 -0.991391063 0.002097279 0.573537767 -0.138784841 0.211044386 -0.028620420 0.967150390
1341846447.992036 -0.988503873 0.003363252 0.568174183 -0.137260258 0.209110335 -0.027984677 0.967806458
1341846448.024057 -0.974409521 0.013507623 0.553368807 -0.137929678 0.206920773 -0.029997999 0.968121529
1341846448.092100 -0.992953479 -0.005956769 0.562729657 -0.150840104 0.210289016 -0.035271347 0.965288401
1341846448.150222 -0.995034099 -0.018768005 0.562822640 -0.160017431 0.211184472 -0.035669252 0.963599145
1341846448.186133 -0.994717002 -0.045353271 0.571972430 -0.163979173 0.210779831 -0.036433619 0.962992907
1341846448.218203 -0.994633079 -0.043835983 0.570837259 -0.157211065 0.208767265 -0.036482017 0.964556873
1341846448.250175 -0.994206071 -0.046559870 0.566600442 -0.153123423 0.206134796 -0.037566133 0.965738297
1341846448.286053 -0.982764304 -0.034433529 0.554287255 -0.148887172 0.204478279 -0.039149377 0.966689527
1341846448.318080 -0.993563294 -0.030581921 0.554132760 -0.147534996 0.206957206 -0.038094245 0.966411412
1341846448.350345 -1.007794857 -0.042113952 0.556757987 -0.149087116 0.206906259 -0.036918323 0.966229737
1341846448.385982 -1.005449295 -0.034289278 0.546913326 -0.148760647 0.204788893 -0.037097968 0.966724157
1341846448.417971 -1.011032343 -0.025442772 0.543758869 -0.152187124 0.206374139 -0.036900345 0.965860844
1341846448.454017 -1.015252113 -0.033205666 0.548998535 -0.158834219 0.206651926 -0.035453208 0.964784920
1341846448.486068 -1.008563995 -0.047205552 0.552056968 -0.164142847 0.203162655 -0.036297042 0.964605927
1341846448.518032 -0.993143916 -0.044344731 0.542635381 -0.163866311 0.200365692 -0.036454733 0.965231836
1341846448.553970 -1.011889696 -0.051911362 0.544610441 -0.167712897 0.204292506 -0.035716634 0.963774562
1341846448.586105 -1.012273550 -0.065977901 0.558049858 -0.171007544 0.201793224 -0.035611503 0.963725984
1341846448.621936 -1.000148296 -0.074785836 0.551244140 -0.169488028 0.197769240 -0.036629055 0.964789867
1341846448.653943 -0.999978662 -0.059378207 0.541242778 -0.165796414 0.198814601 -0.040226225 0.965073168
1341846448.686150 -1.013436437 -0.053452916 0.539716423 -0.167630538 0.201443315 -0.040226039 0.964210868
1341846448.722086 -1.008801699 -0.061605267 0.540643215 -0.173844144 0.200381160 -0.039204184 0.963373601
1341846448.753983 -1.004489422 -0.048915431 0.530404687 -0.177678004 0.202559680 -0.040785983 0.962152064
1341846448.786053 -1.008549690 -0.058726430 0.530674338 -0.187468648 0.206357330 -0.041523300 0.959451973
1341846448.822019 -1.027905226 -0.096079841 0.553835988 -0.196310580 0.207703695 -0.038761850 0.957506597
1341846448.854125 -1.011790395 -0.092415944 0.549221694 -0.190590516 0.201527342 -0.036843255 0.960054517
1341846448.890063 -1.005197167 -0.073678575 0.533969223 -0.185455918 0.200350329 -0.038353380 0.961246610
1341846448.922419 -1.012841105 -0.058924526 0.529763877 -0.189556822 0.202937812 -0.042204153 0.959741294
1341846448.954059 -1.022161722 -0.064138114 0.529515624 -0.202614307 0.206340149 -0.044616103 0.956232548
1341846448.990056 -1.061758757 -0.088085741 0.549350977 -0.219497129 0.216821834 -0.044234551 0.950185597
1341846449.022043 -1.033838630 -0.101843417 0.552230656 -0.229028359 0.214438230 -0.042323709 0.948562622
1341846449.054021 -1.029813051 -0.103916779 0.554727972 -0.231423616 0.214821398 -0.043653384 0.947834015
1341846449.090060 -1.015118003 -0.113765672 0.556878209 -0.230230600 0.212291226 -0.045341894 0.948615074
1341846449.121998 -0.999403059 -0.145466700 0.554183245 -0.229534030 0.208202153 -0.042194095 0.949834585
1341846449.158114 -1.007668018 -0.166773990 0.552392423 -0.229275838 0.208654642 -0.043619141 0.949733257
1341846449.190066 -0.993502200 -0.207652152 0.544772208 -0.235500962 0.207046300 -0.042183805 0.948626280
1341846449.222044 -1.005171776 -0.176385671 0.551388621 -0.232236877 0.213696361 -0.043891620 0.947878420
1341846449.258032 -1.011619568 -0.172750235 0.562324405 -0.232180387 0.215835229 -0.040370189 0.947564125
1341846449.290278 -1.002756834 -0.183848068 0.558945656 -0.232318476 0.213161826 -0.036310598 0.948299348
1341846449.321912 -1.006505609 -0.183411360 0.555151105 -0.231231034 0.215249449 -0.034488596 0.948161662
1341846449.357984 -0.999998271 -0.183518961 0.553542018 -0.233234137 0.216735885 -0.030953405 0.947454154
1341846449.390027 -0.989660919 -0.208896279 0.579491317 -0.238386676 0.219249502 -0.026647497 0.945722699
1341846449.426101 -0.987180352 -0.219466344 0.584628344 -0.231408983 0.221643910 -0.021752216 0.947022021
1341846449.458035 -0.984214902 -0.199752331 0.565883458 -0.223664343 0.220602512 -0.024398986 0.949059308
1341846449.490185 -0.989264011 -0.210406259 0.583208144 -0.228232235 0.224039897 -0.024509208 0.947161853
1341846449.525989 -1.019902110 -0.206729606 0.603860974 -0.229173422 0.232870281 -0.025636481 0.944771826
1341846449.558288 -1.026390314 -0.232928813 0.626820207 -0.232552499 0.234379455 -0.023301056 0.943632722
1341846449.594265 -0.986662626 -0.245069891 0.626632154 -0.227121219 0.225573510 -0.022196131 0.947121918
1341846449.626133 -0.987155080 -0.246635690 0.623888075 -0.222086504 0.224871278 -0.025325373 0.948403537
1341846449.658161 -0.988140345 -0.249708906 0.624679744 -0.224013582 0.225104690 -0.027462484 0.947835207
1341846449.694129 -1.013497114 -0.243803665 0.644568443 -0.228147984 0.232449397 -0.030027643 0.944994211
1341846449.725937 -1.023817301 -0.244865432 0.660357714 -0.230188742 0.237136036 -0.028487684 0.943381250
1341846449.757969 -0.998609781 -0.268369555 0.662362337 -0.237866715 0.232249618 -0.022748927 0.942847848
1341846449.794073 -0.974109173 -0.276393712 0.667315006 -0.243693799 0.227782905 -0.021909287 0.942469239
1341846449.826150 -0.970073581 -0.307283342 0.697474420 -0.249526307 0.229994804 -0.022336263 0.940393627
1341846449.861992 -0.992841482 -0.306563050 0.707587063 -0.247295082 0.231660292 -0.025008505 0.940506935
1341846449.894052 -0.993216455 -0.301367879 0.725908875 -0.245504200 0.229700983 -0.027496729 0.941386819
1341846449.925963 -0.987332165 -0.293099880 0.733861327 -0.238446504 0.232137263 -0.028279426 0.942579389
1341846449.962133 -0.933934391 -0.350829005 0.730204701 -0.246372133 0.225540832 -0.026892226 0.942183077
1341846449.994047 -0.945976377 -0.344381452 0.740954101 -0.245312676 0.229908869 -0.030174969 0.941303968
1341846450.026443 -0.953106523 -0.337807715 0.754971564 -0.243160158 0.232334569 -0.031309605 0.941229880
1341846450.062040 -0.963601708 -0.332308114 0.761606157 -0.240352109 0.234772414 -0.035033692 0.941214859
1341846450.094160 -0.962086141 -0.331920624 0.772243917 -0.241168261 0.235607609 -0.038412191 0.940665424
1341846450.130133 -0.965014696 -0.331553221 0.777912080 -0.243139580 0.237010583 -0.040087614 0.939735174
1341846450.161911 -0.954931259 -0.336053908 0.789468646 -0.245399356 0.236188054 -0.039467808 0.939381003
1341846450.194126 -0.956893623 -0.350688279 0.803069055 -0.250170946 0.237743184 -0.039439231 0.937729895
1341846450.230042 -0.955120087 -0.379961610 0.823906541 -0.260518610 0.237364888 -0.038110349 0.935059130
1341846450.262009 -0.954645276 -0.377726704 0.830627263 -0.262263298 0.235348687 -0.038100392 0.935081482
1341846450.294220 -0.960538745 -0.374428928 0.846686602 -0.260313034 0.233664140 -0.039079268 0.936008096
1341846450.330052 -0.956012189 -0.379015267 0.856293023 -0.260531664 0.228849843 -0.042702883 0.936977923
1341846450.361929 -0.941092551 -0.400394171 0.870021105 -0.265140980 0.225146919 -0.046235576 0.936414123
1341846450.398035 -0.942511261 -0.400565863 0.879440665 -0.264960140 0.227161929 -0.044796657 0.936048567
1341846450.429941 -0.944575965 -0.421960205 0.898626208 -0.269703358 0.225911736 -0.043201346 0.935070932
1341846450.461928 -0.929062903 -0.427821487 0.908329308 -0.271608233 0.219358161 -0.047125451 0.935890019
1341846450.498062 -0.932790160 -0.434205949 0.920050383 -0.274021596 0.218684360 -0.053563897 0.934997499
1341846450.529969 -0.931612313 -0.439704716 0.932037771 -0.276719928 0.217168644 -0.058036104 0.934288919
1341846450.561983 -0.932828069 -0.445260912 0.939670980 -0.279622227 0.215478048 -0.059466463 0.933726072
1341846450.598097 -0.935019076 -0.444595963 0.948765099 -0.280459791 0.214966521 -0.059279032 0.933604717
1341846450.630436 -0.934262276 -0.447541326 0.961468041 -0.282454461 0.212312430 -0.058132451 0.933682799
1341846450.666178 -0.943566024 -0.451322764 0.973245919 -0.284706354 0.209281892 -0.054553863 0.933898926
1341846450.698174 -0.946944714 -0.452973962 0.982959926 -0.285785139 0.205328107 -0.047148578 0.934849918
1341846450.730214 -0.926762104 -0.463250518 0.982404649 -0.289085627 0.195326045 -0.043250270 0.936165929
1341846450.765977 -0.927183509 -0.463781655 0.989213288 -0.292336166 0.189561561 -0.048869893 0.936065078
1341846450.798042 -0.925455809 -0.468659699 0.998655140 -0.295558542 0.186271444 -0.054404091 0.935408175
1341846450.834020 -0.914644420 -0.479460090 1.004179239 -0.298765957 0.183311269 -0.057647455 0.934779465
1341846450.866022 -0.903453648 -0.477586657 1.004533887 -0.301751554 0.181315616 -0.062099099 0.933924198
1341846450.898067 -0.918832958 -0.484462768 1.019249439 -0.310429573 0.184675768 -0.066100083 0.930139363
1341846450.934091 -0.910848558 -0.518669367 1.052309752 -0.320304990 0.180994675 -0.062678605 0.927748382
1341846450.966100 -0.920613885 -0.489871114 1.041793942 -0.312348276 0.178291917 -0.064881720 0.930828094
1341846450.998096 -0.916850448 -0.492719352 1.036501408 -0.314648628 0.173423886 -0.068866760 0.930686772
1341846451.034057 -0.907601953 -0.500558019 1.036478519 -0.321745306 0.170571685 -0.073054329 0.928465605
1341846451.068370 -0.912655234 -0.489174336 1.046285510 -0.324547827 0.172766864 -0.076042250 0.926843047
1341846451.102153 -0.916570067 -0.500707507 1.060137272 -0.328995258 0.171431229 -0.075598978 0.925558329
1341846451.133979 -0.909693778 -0.505144060 1.061055660 -0.331541717 0.167339861 -0.077941164 0.925204098
1341846451.165987 -0.918446183 -0.505707502 1.074826956 -0.334700078 0.169250578 -0.080119960 0.923531771
1341846451.202275 -0.917317510 -0.499159455 1.069885969 -0.333200097 0.167895466 -0.078544416 0.924456418
1341846451.234790 -0.920778692 -0.494746864 1.066153407 -0.334676415 0.167959139 -0.076029792 0.924121737
1341846451.302134 -0.909469306 -0.503887057 1.080958605 -0.331744373 0.161247224 -0.074826002 0.926469743
1341846451.334095 -0.906522036 -0.499388278 1.066226244 -0.327935815 0.162029162 -0.078548841 0.927380562
1341846451.370064 -0.917118907 -0.490911245 1.066593528 -0.327084810 0.166778356 -0.079103507 0.926791906
1341846451.402007 -0.918923378 -0.490049392 1.072245955 -0.324509650 0.167761236 -0.078197278 0.927596331
1341846451.434004 -0.913223982 -0.488865167 1.065564871 -0.318102747 0.168794870 -0.077609524 0.929675043
1341846451.470107 -0.909909844 -0.494366169 1.056259990 -0.314576536 0.170850664 -0.078369752 0.930435359
1341846451.502266 -0.910639286 -0.498597890 1.048340678 -0.312094897 0.175021604 -0.078614317 0.930475175
1341846451.534027 -0.908747137 -0.492511302 1.039117336 -0.308188736 0.179559186 -0.079201356 0.930862725
1341846451.570038 -0.908626318 -0.486228466 1.027595043 -0.305136085 0.182941526 -0.080323502 0.931113601
1341846451.601887 -0.916584730 -0.492773980 1.016901493 -0.305244952 0.187485710 -0.080929399 0.930121005
1341846451.637996 -0.912600696 -0.480459541 1.005857587 -0.302905113 0.190119609 -0.080247559 0.930410326
1341846451.669951 -0.923013866 -0.481288165 1.006418347 -0.301329434 0.195417225 -0.080198392 0.929828465
1341846451.702077 -0.928815722 -0.476692230 0.985660017 -0.296506613 0.198927239 -0.080838941 0.930578828
1341846451.737995 -0.938775122 -0.469248027 0.975818992 -0.293697387 0.201306432 -0.082020707 0.930854499
1341846451.770041 -0.931791425 -0.465961516 0.957324028 -0.291544437 0.200801656 -0.084368803 0.931430340
1341846451.806071 -0.937160909 -0.454582185 0.943595052 -0.288798004 0.205222562 -0.086050078 0.931168556
1341846451.838004 -0.941065967 -0.459549904 0.937582314 -0.292043597 0.205950245 -0.085314892 0.930062592
1341846451.870027 -0.947497308 -0.436387658 0.923250973 -0.291616350 0.205427349 -0.087724730 0.930088103
1341846451.905961 -0.950898111 -0.429370791 0.919492424 -0.290706277 0.207962513 -0.087220393 0.929857075
1341846451.937970 -0.961580157 -0.429927707 0.916916072 -0.289727360 0.210413486 -0.085947528 0.929729700
1341846451.970138 -0.970928311 -0.430236369 0.914239824 -0.287044257 0.208767995 -0.088121161 0.930728853
1341846452.006080 -0.972868025 -0.422186255 0.894607246 -0.277954161 0.204400107 -0.092203140 0.934056044
1341846452.037935 -0.983236492 -0.424918354 0.885871410 -0.273482472 0.200822696 -0.091947787 0.936174750
1341846452.073949 -0.992604792 -0.429859996 0.878771603 -0.270861089 0.196947560 -0.087711141 0.938164592
1341846452.105977 -0.979535162 -0.405041218 0.853877783 -0.262994051 0.190669358 -0.086948954 0.941763937
1341846452.138008 -0.978352308 -0.400671840 0.844681144 -0.260485917 0.189709306 -0.085207932 0.942813396
1341846452.174074 -1.005126595 -0.426527739 0.861497283 -0.262722939 0.192658320 -0.083114229 0.941781044
1341846452.206235 -1.017280579 -0.420142889 0.848206282 -0.251347065 0.190167710 -0.080995761 0.945568919
1341846452.238073 -1.009194255 -0.400561512 0.825683415 -0.240401462 0.185397089 -0.082283564 0.949244201
1341846452.274106 -1.003818989 -0.379131436 0.802416682 -0.231900111 0.183835283 -0.083831102 0.951524734
1341846452.306097 -1.018735886 -0.394311368 0.806060255 -0.228643358 0.187115207 -0.080369703 0.951972127
1341846452.342082 -1.008041859 -0.356011331 0.775178075 -0.214441389 0.184115589 -0.077616014 0.956081688
1341846452.374034 -1.002192259 -0.343438566 0.755944371 -0.212429494 0.183544174 -0.077853292 0.956621230
1341846452.406041 -1.006449938 -0.340187728 0.752741396 -0.211373076 0.187784865 -0.076003641 0.956180811
1341846452.442053 -0.984315693 -0.346613586 0.728962302 -0.207175970 0.182064012 -0.067729227 0.958824098
1341846452.474108 -0.952082694 -0.332932115 0.708134890 -0.199496999 0.169853136 -0.061774541 0.963086069
1341846452.506073 -0.999768436 -0.316214561 0.718835115 -0.197241440 0.177698836 -0.063739479 0.962006390
1341846452.542118 -1.016483307 -0.312266469 0.717613280 -0.198176414 0.182563826 -0.063757703 0.960901439
1341846452.574108 -1.037770033 -0.345970958 0.735506535 -0.202605471 0.184388801 -0.060087014 0.959865272
1341846452.610038 -1.035143852 -0.300820738 0.710644722 -0.188149706 0.180779859 -0.058230709 0.963601351
1341846452.642126 -1.002246141 -0.297882855 0.687064350 -0.183851689 0.173813373 -0.058707576 0.965681612
1341846452.674053 -0.975373209 -0.299220920 0.665519416 -0.183556959 0.170010403 -0.057289019 0.966499507
1341846452.709891 -0.945658982 -0.294071108 0.649552584 -0.183638632 0.165614054 -0.053914957 0.967440963
1341846452.742117 -0.938305199 -0.289126396 0.648354232 -0.182692513 0.165741384 -0.053800799 0.967604697
1341846452.774020 -1.037757397 -0.248777121 0.675973058 -0.176374823 0.187322795 -0.060325827 0.964449525
1341846452.810050 -1.047880054 -0.243611604 0.671879232 -0.174664974 0.191149279 -0.060206562 0.964017272
1341846452.842060 -1.040766120 -0.245278746 0.664906085 -0.173636273 0.190413371 -0.059639048 0.964383960
1341846452.910212 -1.065265417 -0.236818239 0.667505562 -0.171242237 0.198554561 -0.060554195 0.963112354
1341846452.942284 -1.079473615 -0.233555377 0.667672634 -0.168369874 0.199998870 -0.061658327 0.963249862
1341846452.978269 -1.057523727 -0.222401753 0.649373293 -0.162048966 0.195231214 -0.061374418 0.965328038
1341846453.010078 -1.049745560 -0.213016331 0.636180401 -0.161566079 0.195911750 -0.064475104 0.965068936
1341846453.046005 -1.044800162 -0.222296357 0.632584929 -0.167024419 0.197359428 -0.064506501 0.963841856
1341846453.078276 -1.094798684 -0.207372963 0.659137905 -0.166467726 0.206048355 -0.066961817 0.961950481
1341846453.111410 -1.093910098 -0.200443655 0.659740150 -0.162222117 0.205066189 -0.069552690 0.962701559
1341846453.152099 -1.099424720 -0.182410493 0.655935228 -0.156005934 0.207684904 -0.073818982 0.962849915
1341846453.210744 -1.117638350 -0.166172683 0.672613025 -0.148015469 0.210727051 -0.083168201 0.962688208
1341846453.246368 -1.088782310 -0.158675432 0.667704225 -0.141115755 0.203630194 -0.085859343 0.965012610
1341846453.281016 -1.071398377 -0.156323552 0.661299467 -0.136190802 0.200314507 -0.089280687 0.966103137
1341846453.346478 -1.005327106 -0.153308779 0.666746497 -0.125499785 0.188611567 -0.090166613 0.969817281
1341846453.413993 -0.955897152 -0.138979107 0.651919127 -0.111212432 0.180451974 -0.096175022 0.972532392
1341846453.447282 -0.933484137 -0.135158420 0.633160353 -0.101662122 0.175988764 -0.105347499 0.973444760
1341846453.489022 -0.892604351 -0.113759562 0.630717933 -0.083716355 0.164768413 -0.105113737 0.977135658
1341846453.520074 -0.876977444 -0.105158225 0.618027508 -0.069270976 0.160971358 -0.104153000 0.979000449
1341846453.552202 -0.856717587 -0.102673925 0.625803292 -0.059741329 0.157608867 -0.098729156 0.980735958
1341846453.588242 -0.816483796 -0.100381508 0.623198271 -0.053562082 0.148927346 -0.091224439 0.983173370
1341846453.619879 -0.802824855 -0.084317021 0.630067050 -0.050453193 0.147540390 -0.092119135 0.983463466
1341846453.656024 -0.788998663 -0.081234761 0.641916454 -0.050151624 0.146301523 -0.094978802 0.983391941
1341846453.687999 -0.794822812 -0.074333407 0.644114137 -0.045893710 0.148712620 -0.096785046 0.983062029
1341846453.720025 -0.771768272 -0.080616921 0.638140559 -0.042345069 0.145610571 -0.097051241 0.983659267
1341846453.756055 -0.735466182 -0.085014015 0.635508299 -0.038496621 0.138804987 -0.097165726 0.984789312
1341846453.787935 -0.712565184 -0.090421855 0.637595594 -0.035552241 0.134104013 -0.092949316 0.985957682
1341846453.824011 -0.676400602 -0.098238751 0.635758460 -0.036261957 0.128031999 -0.088839523 0.987117290
1341846453.855942 -0.660715222 -0.112795554 0.646173298 -0.041222099 0.126133680 -0.084738679 0.987527430
1341846453.888038 -0.662937641 -0.097898014 0.646831870 -0.038571328 0.126516953 -0.085742034 0.987498879
1341846453.924065 -0.633048356 -0.121990055 0.649911225 -0.041664783 0.120494641 -0.084194280 0.988259256
1341846453.955921 -0.605731308 -0.182273403 0.650493622 -0.050438620 0.114102460 -0.085825212 0.988468826
1341846453.987940 -0.605467856 -0.187454119 0.659074664 -0.045059901 0.112343967 -0.087911502 0.988746703
1341846454.024255 -0.610441685 -0.176815048 0.644419909 -0.035480283 0.111677825 -0.091105193 0.988923252
1341846454.056313 -0.589687586 -0.206502661 0.641852915 -0.039012138 0.107052766 -0.093601182 0.989068568
1341846454.088076 -0.572829187 -0.206741720 0.638805151 -0.040297907 0.101998433 -0.096776843 0.989245534
1341846454.124105 -0.600591302 -0.199468151 0.634166420 -0.040126979 0.106204540 -0.095844097 0.988900602
1341846454.156054 -0.603173614 -0.216626868 0.633359611 -0.044842843 0.105549365 -0.094389424 0.988908052
1341846454.191955 -0.585522652 -0.249974459 0.634065092 -0.055320371 0.101578474 -0.094402254 0.988792062
1341846454.224008 -0.574721932 -0.249713242 0.639393032 -0.057092734 0.098335594 -0.094422825 0.989017129
1341846454.256124 -0.602941155 -0.233539924 0.631385505 -0.054130297 0.103619449 -0.095206045 0.988569021
1341846454.291937 -0.614312887 -0.234346718 0.624845266 -0.054925285 0.106264099 -0.096444093 0.988124371
1341846454.323981 -0.614477277 -0.230894133 0.617642581 -0.055183873 0.105922155 -0.098854475 0.987908423
1341846454.355934 -0.588256419 -0.231808960 0.625631213 -0.056675106 0.100078322 -0.092557311 0.989042699
1341846454.392062 -0.563920975 -0.227334663 0.632479012 -0.057643685 0.096190870 -0.091412500 0.989478827
1341846454.423951 -0.530273616 -0.230815783 0.637019515 -0.058324069 0.090815492 -0.090355471 0.990043819
1341846454.456041 -0.488682568 -0.222423524 0.641043603 -0.054474574 0.081774317 -0.084689103 0.991550922
1341846454.492065 -0.462723732 -0.214168787 0.632594943 -0.049744446 0.076518968 -0.082845651 0.992374420
1341846454.524037 -0.420246035 -0.207485020 0.628360510 -0.045198273 0.069757819 -0.083836779 0.993006706
1341846454.555946 -0.384990364 -0.202250108 0.627929032 -0.041750371 0.062264942 -0.080260746 0.993950844
1341846454.591893 -0.341328859 -0.197147235 0.624378085 -0.036909234 0.051271830 -0.075773008 0.995121837
1341846454.624115 -0.314115644 -0.190257788 0.612146139 -0.032481506 0.045059018 -0.073830098 0.995722771
1341846454.659990 -0.284265935 -0.176845685 0.615949988 -0.026494540 0.038421236 -0.071252942 0.996365845
1341846454.691970 -0.249382719 -0.178804740 0.608873785 -0.020917421 0.029085163 -0.067019984 0.997108221
1341846454.723925 -0.204881921 -0.167070255 0.594536960 -0.013983456 0.019944621 -0.064625517 0.997612238
1341846454.759924 -0.182348728 -0.156420261 0.595097065 -0.010304387 0.015919823 -0.064968437 0.997707129
1341846454.792135 -0.157349065 -0.163789883 0.584688783 -0.009143374 0.012051897 -0.066042870 0.997702122
1341846454.823976 -0.139225796 -0.168008894 0.584259033 -0.003376715 0.009119819 -0.063384078 0.997941852
1341846454.859970 -0.103858635 -0.154755965 0.567301333 0.007306189 0.003146318 -0.055099759 0.998449206
1341846454.892266 -0.083768338 -0.143017799 0.560163796 0.011818696 -0.000485564 -0.051525000 0.998601675
1341846454.959988 -0.086823396 -0.110937417 0.557256639 0.019220820 0.004140637 -0.048703246 0.998619735
1341846455.022227 -0.089827389 -0.077325635 0.532931209 0.031008763 0.007842347 -0.042534694 0.998582900
1341846455.054099 -0.106196068 -0.061012711 0.522612274 0.032349881 0.015846575 -0.042355806 0.998453021
1341846455.090050 -0.110768028 -0.028072668 0.509309173 0.036771547 0.017886179 -0.033273365 0.998609483
1341846455.122055 -0.103589699 -0.010235274 0.507994294 0.041499250 0.015989708 -0.027395532 0.998634934
1341846455.153946 -0.103888489 -0.007038167 0.479378074 0.044743288 0.017866356 -0.025984596 0.998500705
1341846455.190190 -0.124790564 0.005068786 0.477915525 0.048071772 0.023191692 -0.023274038 0.998303354
1341846455.222061 -0.129407302 0.051508531 0.476883888 0.057813365 0.022484399 -0.019530332 0.997883081
1341846455.258176 -0.135078102 0.072044708 0.469030499 0.060397550 0.022092553 -0.017984502 0.997767806
1341846455.289996 -0.165948585 0.076595485 0.438906938 0.058232456 0.027530335 -0.017900687 0.997762799
1341846455.322654 -0.170743614 0.072534904 0.431889862 0.055333842 0.026502432 -0.016194506 0.997984767
1341846455.358098 -0.191603228 0.074659593 0.403545588 0.054815371 0.024860408 -0.010199556 0.998134911
1341846455.390002 -0.190679446 0.084165305 0.388321579 0.054558992 0.019677589 -0.007460890 0.998288810
1341846455.422100 -0.212590814 0.116254203 0.384762287 0.057645202 0.023254020 -0.009560037 0.998020470
1341846455.458125 -0.224965453 0.111746505 0.370014042 0.052072164 0.024852302 -0.009030358 0.998293221
1341846455.490042 -0.221523747 0.119709432 0.370555103 0.056032218 0.019973341 -0.004651599 0.998218358
1341846455.525978 -0.231266484 0.137909189 0.365094423 0.059758995 0.019516911 -0.003809861 0.998014808
1341846455.558173 -0.255575806 0.155057088 0.347280949 0.059987064 0.025278335 -0.005555277 0.997863531
1341846455.590092 -0.275979698 0.152988568 0.331203014 0.057949420 0.027029675 -0.004129598 0.997945011
1341846455.625973 -0.288906366 0.167193636 0.322014838 0.061349515 0.026204173 -0.004485632 0.997762263
1341846455.658077 -0.307243198 0.192534536 0.317584783 0.065905914 0.028771294 -0.006326414 0.997390926
1341846455.690122 -0.330142498 0.202491254 0.315906256 0.067393817 0.032209028 -0.008403768 0.997171044
1341846455.726004 -0.353992969 0.213364080 0.307003468 0.071863472 0.035073370 -0.006975356 0.996773243
1341846455.758157 -0.362392634 0.229815617 0.311480224 0.080666713 0.035299368 -0.008648307 0.996078372
1341846455.826431 -0.386952430 0.262325078 0.313212335 0.094545983 0.036321066 -0.008006025 0.994825482
1341846455.858084 -0.398327380 0.276588857 0.317212582 0.105062567 0.036751561 -0.004108013 0.993777812
1341846455.893948 -0.408640563 0.297458887 0.324571401 0.117651202 0.039439280 -0.004867387 0.992259622
1341846455.926012 -0.424456358 0.314518631 0.324724406 0.125693291 0.044345077 -0.005892356 0.991060078
1341846455.958115 -0.441597223 0.332471132 0.323669285 0.135272160 0.046667933 -0.003896090 0.989701211
1341846455.994972 -0.451377451 0.345278919 0.333446085 0.142885104 0.046459060 -0.003753152 0.988641143
1341846456.026027 -0.471448690 0.357413501 0.338360459 0.147758603 0.051412534 -0.005110076 0.987673104
1341846456.061926 -0.485567510 0.367680639 0.339375019 0.153541714 0.052597880 -0.006296303 0.986721218
1341846456.093945 -0.495589495 0.381742537 0.352473736 0.160490289 0.052527409 -0.009050398 0.985597253
1341846456.126153 -0.510055006 0.397755653 0.357545197 0.165032312 0.055310186 -0.013855798 0.984638631
1341846456.162325 -0.521203399 0.405221164 0.367642313 0.167561889 0.057550535 -0.018148132 0.984013021
1341846456.194021 -0.526685655 0.409525633 0.386818171 0.173993349 0.056846041 -0.016723793 0.982962489
1341846456.229852 -0.539022624 0.430449247 0.385070831 0.183279350 0.059910174 -0.017891644 0.981070518
1341846456.262012 -0.554065883 0.444566786 0.387467563 0.187250659 0.063770600 -0.021222480 0.980010271
1341846456.293900 -0.570915759 0.453759372 0.390713185 0.188975275 0.068117253 -0.023647740 0.979331017
1341846456.330221 -0.578532040 0.460457623 0.401639730 0.192859560 0.068681747 -0.023023967 0.978548884
1341846456.362093 -0.589033246 0.479754418 0.393120021 0.198913753 0.069224268 -0.020663278 0.977350712
1341846456.394095 -0.604520857 0.493558884 0.402236372 0.199781224 0.070874728 -0.023670303 0.976987183
1341846456.429930 -0.617892444 0.503919899 0.421568274 0.201073363 0.072070837 -0.027462654 0.976535261
1341846456.462149 -0.624127805 0.509241879 0.414995611 0.200451240 0.071823254 -0.028717030 0.976645291
1341846456.498080 -0.631636858 0.514180839 0.405141175 0.200232551 0.070346691 -0.026812416 0.976851761
1341846456.529977 -0.638374448 0.525663435 0.399361342 0.201971829 0.071223937 -0.027702432 0.976405203
1341846456.562074 -0.642888129 0.549813449 0.405670077 0.205354497 0.072309598 -0.023770029 0.975723267
1341846456.598113 -0.656539321 0.555540323 0.414922863 0.206307650 0.071678966 -0.020067725 0.975651860
1341846456.629868 -0.670604289 0.568362892 0.409075499 0.209066525 0.069670007 -0.017766194 0.975254655
1341846456.662113 -0.679373026 0.587772250 0.400363445 0.209508419 0.071112059 -0.023188155 0.974941850
1341846456.697989 -0.685557425 0.586026073 0.399051756 0.206883833 0.070940718 -0.021157315 0.975560784
1341846456.730098 -0.688295484 0.595857680 0.395198375 0.208379388 0.068636313 -0.022138499 0.975385606
1341846456.766110 -0.673698485 0.609673798 0.399866998 0.209991798 0.064844854 -0.020212315 0.975341022
1341846456.798062 -0.676248431 0.615710855 0.390777737 0.208834842 0.066469431 -0.024153056 0.975390434
1341846456.830204 -0.681249738 0.621564150 0.398786604 0.210461006 0.066513248 -0.023077631 0.975063920
1341846456.866247 -0.679076016 0.633492231 0.397329181 0.213190958 0.064223669 -0.022525510 0.974637151
1341846456.898128 -0.680531204 0.647516429 0.402030468 0.215654165 0.064844735 -0.022845680 0.974046469
1341846456.929870 -0.675760627 0.664991677 0.398050457 0.217207506 0.065188929 -0.023497870 0.973662794
1341846456.966238 -0.679894328 0.664786816 0.401031822 0.216822237 0.065113619 -0.020093167 0.973829865
1341846456.997966 -0.680325150 0.671676695 0.400689721 0.219905525 0.063876458 -0.018473426 0.973252356
1341846457.034139 -0.678525865 0.691316962 0.397268742 0.222885996 0.064579070 -0.018333191 0.972530365
1341846457.066343 -0.690126121 0.694540262 0.407877326 0.222152367 0.067034684 -0.020403594 0.972490847
1341846457.098123 -0.690532684 0.701140106 0.405942321 0.224415720 0.067167513 -0.021304689 0.971942544
1341846457.133984 -0.693481088 0.706546545 0.403762907 0.225517660 0.067089483 -0.020470059 0.971710742
1341846457.165966 -0.697934687 0.708520293 0.399807304 0.227071241 0.066366598 -0.021977996 0.971365571
1341846457.198024 -0.695307195 0.716430128 0.396943718 0.231624216 0.067568518 -0.023314763 0.970175862
1341846457.234155 -0.700031519 0.727568746 0.397974819 0.235447004 0.069579184 -0.022273229 0.969137430
1341846457.266029 -0.701446176 0.734115064 0.397942990 0.236794069 0.069950707 -0.022397066 0.968779564
1341846457.302162 -0.699509919 0.741494060 0.398964435 0.236998990 0.071642518 -0.021580501 0.968624353
1341846457.334093 -0.701650202 0.744638920 0.403215319 0.236607641 0.073286779 -0.021082088 0.968608022
1341846457.365992 -0.695887804 0.740137637 0.391801268 0.234289274 0.073377974 -0.020019414 0.969187021
1341846457.401999 -0.695460916 0.744729400 0.385660559 0.233898804 0.076053619 -0.020073071 0.969073951
1341846457.434165 -0.697732270 0.746784449 0.386031002 0.231656924 0.079503722 -0.023466589 0.969259322
1341846457.470028 -0.697133660 0.739335358 0.393740684 0.227756843 0.078289822 -0.021484178 0.970327795
1341846457.502234 -0.696348429 0.738903821 0.391747177 0.226451710 0.079092942 -0.023923034 0.970511019
1341846457.534037 -0.688774824 0.752139211 0.378634542 0.223605037 0.081397228 -0.027191719 0.970894396
1341846457.570088 -0.695038140 0.740821362 0.373366714 0.215038806 0.084724836 -0.028258946 0.972512960
1341846457.601985 -0.700686693 0.728157282 0.376850277 0.210040450 0.087303430 -0.029131608 0.973351181
1341846457.634100 -0.698746800 0.717890978 0.371083528 0.206450671 0.091068663 -0.025578039 0.973873913
1341846457.670084 -0.697230339 0.709613442 0.375055075 0.203967541 0.095031619 -0.021386657 0.974119544
1341846457.701992 -0.688585460 0.688696444 0.381634861 0.199559674 0.097311355 -0.018626695 0.974863827
1341846457.738024 -0.685189724 0.663738430 0.381311715 0.197694689 0.100472145 -0.017159885 0.974950135
1341846457.770266 -0.670393407 0.646855175 0.375396609 0.198249593 0.100651987 -0.014022757 0.974869072
1341846457.802137 -0.674773455 0.640969813 0.380208939 0.201342106 0.105857566 -0.012845582 0.973699391
1341846457.838017 -0.672434926 0.624945521 0.382200599 0.202109396 0.110912777 -0.015021985 0.972946346
1341846457.870077 -0.677373469 0.615276456 0.386760026 0.202366993 0.113865465 -0.013214229 0.972577870
1341846457.902124 -0.669777751 0.600751460 0.386887670 0.202570513 0.112838253 -0.011098805 0.972681642
1341846457.937994 -0.657603621 0.580703139 0.372540474 0.200079575 0.115174741 -0.014465339 0.972879112
1341846457.970119 -0.664757550 0.561896086 0.380837381 0.196045682 0.117646061 -0.012906259 0.973426402
1341846458.006046 -0.658545375 0.544218957 0.372902393 0.191659793 0.117100455 -0.015866600 0.974321425
1341846458.038014 -0.648406267 0.525344074 0.369839847 0.187523469 0.120128661 -0.019275177 0.974696159
1341846458.070131 -0.653312564 0.509282410 0.374274313 0.183533683 0.123728149 -0.017474931 0.975039184
1341846458.106139 -0.646571517 0.488218457 0.367884219 0.180070773 0.122665763 -0.016410189 0.975837290
1341846458.138044 -0.637549162 0.474959403 0.361203521 0.177387208 0.122603320 -0.012544724 0.976393819
1341846458.169976 -0.632060170 0.456769645 0.355540127 0.171626821 0.124767140 -0.013292579 0.977139056
1341846458.205943 -0.632624626 0.426211715 0.352488488 0.162404895 0.125577942 -0.013417259 0.978608608
1341846458.238247 -0.622954428 0.400402099 0.347655982 0.156585619 0.121786527 -0.012164315 0.980051577
1341846458.273991 -0.609032333 0.379786342 0.337885171 0.149024472 0.119970895 -0.013711469 0.981432974
1341846458.306111 -0.615763605 0.355615735 0.347190291 0.141865134 0.121359654 -0.012894846 0.982333899
1341846458.344939 -0.597636878 0.317152381 0.330111116 0.133609548 0.116063133 -0.011520466 0.984146953
1341846458.406267 -0.585378349 0.286209792 0.315058321 0.125580773 0.113090545 -0.006672027 0.985593975
1341846458.442040 -0.569374859 0.260864913 0.310329497 0.118396059 0.110861711 -0.006312743 0.986738205
1341846458.473980 -0.568653107 0.236944124 0.312265784 0.112832159 0.110885382 -0.004816198 0.987395704
1341846458.506295 -0.564478695 0.219181597 0.307170153 0.108432047 0.108958699 -0.002470002 0.988111556
1341846458.541965 -0.555871964 0.198984087 0.302178830 0.100838773 0.106647797 -0.002992769 0.989165723
1341846458.573927 -0.555027306 0.170029923 0.301130474 0.094351470 0.106062710 0.000442557 0.989872873
1341846458.606148 -0.556490898 0.157101780 0.297283202 0.090782858 0.106196180 0.000240886 0.990192294
1341846458.642017 -0.552125514 0.141993761 0.299304277 0.083843201 0.104878195 0.004119332 0.990935922
1341846458.673954 -0.542587817 0.120624259 0.288392842 0.074102692 0.099836230 0.007358763 0.992213428
1341846458.710158 -0.556286871 0.127978370 0.296248496 0.065175295 0.101609498 0.002212328 0.992684662
1341846458.741981 -0.568000495 0.117099293 0.302883357 0.054752510 0.099828139 -0.001692062 0.993495703
1341846458.773965 -0.537639081 0.096190140 0.279155910 0.043814693 0.085792094 -0.001464630 0.995348096
1341846458.810261 -0.538299382 0.076936126 0.275736600 0.034055490 0.083935194 -0.005576066 0.995873511
1341846458.845355 -0.543694854 0.072776861 0.275895238 0.032702409 0.084115341 -0.006498693 0.995898068
1341846458.910230 -0.536849499 0.061425406 0.260913014 0.031578381 0.080622397 -0.001559481 0.996243179
1341846458.942341 -0.545033455 0.056530528 0.260400504 0.028393541 0.083160609 -0.003676564 0.996124864
1341846458.979658 -0.544662595 0.054754499 0.254069805 0.025986526 0.081925064 -0.004230930 0.996290684
1341846459.010325 -0.559930265 0.057583630 0.255803317 0.022572983 0.082110792 -0.007216161 0.996341407
1341846459.052625 -0.566227973 0.037472144 0.256465822 0.010189430 0.082126789 -0.010316958 0.996516466
1341846459.078195 -0.568333030 0.018843105 0.255225182 0.000030483 0.081501901 -0.011768490 0.996603727
1341846459.110297 -0.573203146 0.019125152 0.250969827 -0.004958753 0.082134262 -0.014406501 0.996504784
1341846459.156583 -0.578646362 0.002886970 0.253223896 -0.011223069 0.083382383 -0.012426659 0.996376932
1341846459.209921 -0.570665658 0.001641345 0.239790559 -0.012109828 0.082128949 -0.012120557 0.996474445
1341846459.246034 -0.575416863 -0.014256390 0.237035409 -0.018702937 0.083923578 -0.014968365 0.996184230
1341846459.278165 -0.565901875 -0.030060804 0.234168157 -0.030703563 0.081974491 -0.016446967 0.996025622
1341846459.310125 -0.558301985 -0.043795239 0.232084468 -0.041721057 0.081803165 -0.021947563 0.995532990
1341846459.346071 -0.566702783 -0.032652162 0.227518588 -0.047269981 0.085159548 -0.027389051 0.994868517
1341846459.378112 -0.566478789 -0.048189219 0.228546768 -0.052902848 0.086926810 -0.027888682 0.994418025
1341846459.409983 -0.566832662 -0.053247612 0.220623940 -0.050845131 0.090571880 -0.029619440 0.994149983
1341846459.446124 -0.572595894 -0.059812814 0.221682057 -0.050378695 0.095857173 -0.033630867 0.993550420
1341846459.478285 -0.573245764 -0.064656049 0.218291759 -0.051416669 0.096464150 -0.037938714 0.993283331
1341846459.514102 -0.571527064 -0.074348494 0.212520108 -0.056295510 0.095535509 -0.047692690 0.992687881
1341846459.546042 -0.567212045 -0.082248829 0.209482372 -0.064022943 0.096117146 -0.065054588 0.991176307
1341846459.578086 -0.583993912 -0.085129142 0.221929356 -0.070365183 0.098404773 -0.085490599 0.988967478
1341846459.614088 -0.582704842 -0.088039629 0.221453428 -0.070061624 0.094318889 -0.101440273 0.987879217
1341846459.646471 -0.586382449 -0.100709945 0.216935575 -0.073276050 0.091649011 -0.120623752 0.985738814
1341846459.682060 -0.582302332 -0.103198767 0.211894006 -0.078195922 0.089684360 -0.139685869 0.983020902
1341846459.713908 -0.583788991 -0.101894543 0.214860201 -0.080766775 0.086048424 -0.156867936 0.980543196
1341846459.746062 -0.585957468 -0.102093853 0.210264206 -0.083155654 0.082364224 -0.173873812 0.977787971
1341846459.782130 -0.586650431 -0.098472670 0.208531752 -0.086097918 0.078909993 -0.189665169 0.974878252
1341846459.814161 -0.589263439 -0.101236612 0.213212594 -0.087301731 0.075156055 -0.203881979 0.972194493
1341846459.845917 -0.596404135 -0.098909721 0.212864906 -0.085321546 0.069995373 -0.218124434 0.969661117
1341846459.881966 -0.594428957 -0.099726900 0.207944423 -0.085017264 0.061044838 -0.235126749 0.966313124
1341846459.914201 -0.583993077 -0.102552451 0.192673996 -0.090580046 0.052916165 -0.254410952 0.961389720
1341846459.950366 -0.583778381 -0.101515047 0.191718563 -0.099873185 0.047380485 -0.278468817 0.954062700
1341846459.982150 -0.598641753 -0.096915804 0.203057528 -0.107740052 0.043846428 -0.295590609 0.948206663
1341846460.014318 -0.601843715 -0.104202032 0.201913103 -0.115890622 0.036842093 -0.310543686 0.942748547
1341846460.050064 -0.605210423 -0.100439906 0.195631564 -0.120176017 0.033695340 -0.327064633 0.936723650
1341846460.082470 -0.600112379 -0.092687428 0.195340961 -0.123886734 0.029566333 -0.338719219 0.932227075
1341846460.113981 -0.609349012 -0.088929370 0.198627561 -0.128244102 0.024908883 -0.345817029 0.929162860
1341846460.150105 -0.611290872 -0.097212747 0.196464553 -0.133434698 0.019158609 -0.354711771 0.925206900
1341846460.181998 -0.624974251 -0.095351681 0.192742079 -0.135981560 0.019534305 -0.369148761 0.919160843
1341846460.218224 -0.625835299 -0.095400929 0.195962772 -0.138725862 0.018073618 -0.375904709 0.916037202
1341846460.250207 -0.624592006 -0.091345385 0.194565415 -0.138008535 0.014953277 -0.380413145 0.914339066
1341846460.282079 -0.627827764 -0.087567583 0.185480058 -0.138780490 0.014877501 -0.389598042 0.910347223
1341846460.318118 -0.620072544 -0.089623690 0.186705634 -0.144562215 0.010882825 -0.398604959 0.905592322
1341846460.350039 -0.625667989 -0.082569018 0.185350299 -0.150436878 0.009126930 -0.405856341 0.901424527
1341846460.382034 -0.626756728 -0.082380250 0.183302224 -0.156387419 0.005630410 -0.414029926 0.896710932
1341846460.417986 -0.622995615 -0.078740269 0.178475171 -0.161408931 0.002289148 -0.421828389 0.892189920
1341846460.450206 -0.627336383 -0.076616436 0.181748778 -0.167664260 -0.000369581 -0.429719061 0.887259901
1341846460.486901 -0.625777781 -0.074699253 0.182811305 -0.173079506 -0.004938736 -0.439029366 0.881630480
1341846460.550003 -0.633574307 -0.065164179 0.173412025 -0.181750029 -0.010849710 -0.462006241 0.867985904
1341846460.585983 -0.634616733 -0.067183524 0.179249793 -0.188430473 -0.015251900 -0.474662334 0.859626114
1341846460.618376 -0.638525069 -0.064419031 0.182889372 -0.193952948 -0.020081440 -0.484644085 0.852701068
1341846460.654440 -0.638065338 -0.066287130 0.174673229 -0.197966978 -0.025177557 -0.495374650 0.845446169
1341846460.685981 -0.638974369 -0.061078370 0.171143860 -0.200764552 -0.026559075 -0.506301880 0.838240266
1341846460.719720 -0.643269897 -0.058192044 0.179561913 -0.205465719 -0.029396554 -0.514197171 0.832178473
1341846460.754596 -0.638432682 -0.069212198 0.170035407 -0.211785883 -0.035095431 -0.519657195 0.826965213
1341846460.818048 -0.637833774 -0.055229902 0.168157488 -0.224107966 -0.037110403 -0.538311064 0.811553895
1341846460.854135 -0.640450001 -0.049062967 0.166308448 -0.228556156 -0.037758742 -0.541866481 0.807909071
1341846460.886066 -0.643765748 -0.044500172 0.158200622 -0.231432706 -0.037370313 -0.547279954 0.803446949
1341846460.922118 -0.652042508 -0.052107751 0.160462484 -0.238085434 -0.034748834 -0.554124832 0.796902478
1341846460.953981 -0.647783995 -0.048710972 0.164898872 -0.240104407 -0.033036958 -0.556452334 0.794744790
1341846460.986060 -0.648540914 -0.047223747 0.165450603 -0.241222963 -0.032240428 -0.557305038 0.793840766
1341846461.022018 -0.656610072 -0.052609026 0.160657600 -0.244299158 -0.030149836 -0.561171889 0.790250003
1341846461.053987 -0.659182966 -0.050471187 0.162347808 -0.246940419 -0.026895089 -0.564328969 0.787292838
1341846461.086024 -0.663635135 -0.048217356 0.163969204 -0.249741167 -0.023174407 -0.562268674 0.788001478
1341846461.122172 -0.664952159 -0.044468999 0.172049701 -0.249683648 -0.020616777 -0.557309210 0.791605711
1341846461.153999 -0.662684739 -0.039516985 0.157253847 -0.244832665 -0.014897934 -0.554914713 0.794924378
1341846461.190395 -0.661082566 -0.038135320 0.166493565 -0.241145268 -0.007027704 -0.548016608 0.800922871
1341846461.222053 -0.653173327 -0.045275688 0.172638357 -0.238232180 -0.004889634 -0.537636340 0.808807015
1341846461.254158 -0.654529810 -0.045923114 0.167785972 -0.234219402 -0.000907940 -0.533225298 0.812902987
1341846461.289936 -0.639902771 -0.048101395 0.162438840 -0.227781460 -0.000191491 -0.531766415 0.815683782
1341846461.322044 -0.652108610 -0.052782059 0.175212100 -0.227535024 0.001509103 -0.528752029 0.817708313
1341846461.354118 -0.656674623 -0.065925837 0.177172422 -0.229451820 -0.000863007 -0.528366387 0.817422926
1341846461.390065 -0.663097203 -0.066196859 0.174209684 -0.228460163 0.001478786 -0.532619596 0.814935744
1341846461.422073 -0.654337287 -0.070043147 0.178200603 -0.226612881 0.001728628 -0.531666875 0.816072285
1341846461.458072 -0.650020838 -0.067861080 0.181149408 -0.222658545 0.002974466 -0.524741054 0.821621120
1341846461.490119 -0.647837937 -0.062832922 0.177505955 -0.216502264 0.007441505 -0.518913686 0.826922059
1341846461.522406 -0.642312288 -0.053326398 0.173467785 -0.208983958 0.015362952 -0.509341002 0.834662497
1341846461.558036 -0.626620889 -0.051558077 0.175235718 -0.201446682 0.018384008 -0.491606414 0.846997321
1341846461.622229 -0.639065921 -0.074327141 0.181479141 -0.196984470 0.024030942 -0.472561181 0.858665049
1341846461.657948 -0.630724072 -0.064569205 0.183611304 -0.189881369 0.026467763 -0.460997403 0.866444468
1341846461.726030 -0.631064594 -0.073150873 0.190538794 -0.176002562 0.029993709 -0.433053911 0.883508801
1341846461.758483 -0.628237963 -0.070907399 0.188143089 -0.167719513 0.033504501 -0.418862671 0.891796947
1341846461.789933 -0.630392313 -0.075461715 0.187706634 -0.161408305 0.036955096 -0.403920829 0.899683177
1341846461.826110 -0.627736926 -0.077198312 0.189386100 -0.152616143 0.040526174 -0.389870048 0.907230556
1341846461.858118 -0.628226280 -0.084908858 0.192948058 -0.144326702 0.044567242 -0.376014143 0.914219320
1341846461.894127 -0.619020462 -0.082805440 0.186907530 -0.135055542 0.047565315 -0.360081583 0.921867013
1341846461.926026 -0.620664656 -0.083802670 0.185591593 -0.128561854 0.052214246 -0.345722795 0.928020060
1341846461.958215 -0.627405465 -0.085381001 0.193051189 -0.122580953 0.056558292 -0.332125634 0.933524311
1341846461.994132 -0.630361319 -0.086842842 0.198406905 -0.115421422 0.059377678 -0.314785630 0.940245807
1341846462.026102 -0.631395638 -0.088216536 0.194183677 -0.108445346 0.060415249 -0.296959370 0.946786582
1341846462.058066 -0.632292628 -0.082279570 0.196357325 -0.102642573 0.060573399 -0.278638214 0.952972233
1341846462.094057 -0.633585572 -0.089216009 0.197173178 -0.099524334 0.058890861 -0.259692937 0.958742082
1341846462.126029 -0.639843822 -0.088940591 0.200386062 -0.094357558 0.059398718 -0.242039993 0.963838696
1341846462.162124 -0.639435887 -0.092029229 0.200003654 -0.088695280 0.057378452 -0.223452762 0.968973577
1341846462.194292 -0.636045575 -0.096998885 0.194844946 -0.084114455 0.055368070 -0.208437830 0.972837508
1341846462.226092 -0.641484380 -0.099770740 0.199349880 -0.079214908 0.055124357 -0.193369955 0.976367950
1341846462.262203 -0.648827076 -0.100350842 0.200779155 -0.073197380 0.054074075 -0.177038431 0.979987502
1341846462.293934 -0.635570586 -0.096245423 0.194109142 -0.066889487 0.050367154 -0.163993225 0.982901454
1341846462.325983 -0.634582877 -0.096574925 0.188703462 -0.063990846 0.050965540 -0.151833832 0.985014796
1341846462.362050 -0.643805981 -0.107745104 0.196376339 -0.062615879 0.051876761 -0.138231948 0.987056196
1341846462.400267 -0.643542826 -0.117954299 0.195574105 -0.057652824 0.052101646 -0.124188341 0.989211202
1341846462.431940 -0.642240107 -0.121767573 0.194979951 -0.049375366 0.053556789 -0.105707265 0.991725624
1341846462.468003 -0.641892612 -0.120057739 0.190473869 -0.040751498 0.054857276 -0.085867234 0.993960202
1341846462.500020 -0.638091147 -0.118026361 0.189125285 -0.033829324 0.055561841 -0.069732212 0.995442569
1341846462.535930 -0.638674080 -0.125911504 0.190451980 -0.028992604 0.059307702 -0.054041643 0.996354163
1341846462.567947 -0.638158441 -0.134513974 0.198945418 -0.022220004 0.062775165 -0.039018199 0.997017145
1341846462.599970 -0.632596254 -0.138884932 0.194485947 -0.014068377 0.064223073 -0.021453213 0.997605801
1341846462.635989 -0.634610355 -0.154511884 0.194373637 -0.010607392 0.067128263 -0.002007232 0.997685969
1341846462.668003 -0.635465443 -0.127684861 0.189842895 0.000302011 0.068050914 0.013961117 0.997584105
1341846462.704029 -0.641084909 -0.130196527 0.185216427 0.002941480 0.069791384 0.027409200 0.997180700
1341846462.735984 -0.649644494 -0.136800036 0.182282537 0.003245770 0.070474319 0.042936858 0.996583819
1341846462.768046 -0.641621053 -0.148475215 0.174488962 0.002158110 0.067508213 0.066304043 0.995510817
1341846462.803937 -0.643224657 -0.155882418 0.180125728 0.003375491 0.068034805 0.083436683 0.994182169
1341846462.835950 -0.639490902 -0.151224315 0.179642662 0.007839112 0.068072878 0.100543685 0.992570221
1341846462.871842 -0.632734776 -0.150825232 0.176156238 0.012696078 0.067769550 0.118798308 0.990521610
1341846462.904097 -0.623870254 -0.147348225 0.181760624 0.017164839 0.068924032 0.128152162 0.989207685
1341846462.966029 -0.634838820 -0.158563629 0.171713844 0.026183642 0.077040002 0.142495871 0.986445248
1341846462.998172 -0.635800064 -0.171407238 0.165128797 0.031214971 0.077824526 0.149065405 0.985265732
1341846463.029970 -0.634165168 -0.171270952 0.161443666 0.035926722 0.078604795 0.155362874 0.984069586
1341846463.066067 -0.629645050 -0.172638029 0.145939693 0.038384520 0.078211747 0.171361417 0.981348455
1341846463.098088 -0.617780328 -0.170421273 0.136093289 0.040829513 0.075519033 0.186349377 0.978725612
1341846463.134111 -0.629110992 -0.176710501 0.141482756 0.041690692 0.079211183 0.199493095 0.975802243
1341846463.165917 -0.630715847 -0.186755195 0.132536635 0.042323269 0.082174093 0.218334183 0.971486688
1341846463.198310 -0.631780207 -0.185093045 0.137710601 0.044744022 0.085131004 0.235464156 0.967112899
1341846463.234037 -0.612171173 -0.185569048 0.127323404 0.042886108 0.084561266 0.254995853 0.962282360
1341846463.265874 -0.573162794 -0.180048257 0.131720141 0.041567814 0.079073675 0.268510133 0.959125519
1341846463.298219 -0.527037144 -0.179835603 0.136249796 0.043425016 0.071922943 0.278816462 0.956662297
1341846463.334210 -0.493314743 -0.173109889 0.142027363 0.048338037 0.066896662 0.290077955 0.953437507
1341846463.365995 -0.477385610 -0.175549641 0.144468039 0.054125849 0.065785296 0.300219148 0.950058520
1341846463.402065 -0.479740918 -0.177283645 0.141936123 0.060167361 0.067468584 0.307684481 0.947184324
1341846463.434179 -0.480503857 -0.177257806 0.140038624 0.063723385 0.069871888 0.313958228 0.944715559
1341846463.466070 -0.481126785 -0.175395995 0.140619799 0.069368787 0.073116601 0.321642458 0.941481829
1341846463.501955 -0.480504036 -0.175465733 0.140732542 0.074352778 0.076075763 0.328292519 0.938567102
1341846463.534089 -0.481159747 -0.177085608 0.139158055 0.076477632 0.078375012 0.338011086 0.934749722
1341846463.566060 -0.480407298 -0.175262064 0.140253633 0.079521202 0.080072753 0.346043378 0.931406856
1341846463.601907 -0.477947176 -0.175077945 0.141480178 0.081421793 0.081753790 0.353894979 0.928140700
1341846463.634009 -0.479444504 -0.173961759 0.141554862 0.084667712 0.081869103 0.361016035 0.925092578
1341846463.670261 -0.478986740 -0.173993558 0.138867527 0.084492028 0.082048632 0.366954535 0.922753215
1341846463.702198 -0.476873904 -0.174906403 0.143985569 0.084835708 0.085257441 0.373308420 0.919877648
1341846463.734494 -0.477961600 -0.174528331 0.146399796 0.088136785 0.087809421 0.383825630 0.914985955
1341846463.770159 -0.477831990 -0.174405932 0.144832045 0.090713739 0.087644294 0.393279046 0.910725594
1341846463.804734 -0.476466358 -0.175960571 0.146795765 0.090466693 0.088584773 0.403991014 0.905957937
1341846463.836811 -0.475461006 -0.176764876 0.143897876 0.089734271 0.092091307 0.413184226 0.901524186
1341846463.902572 -0.476606369 -0.176043138 0.143738598 0.090496622 0.099425122 0.433395535 0.891119123
1341846463.938656 -0.475903034 -0.175037324 0.144662261 0.093922533 0.102352172 0.446010560 0.884181619
1341846464.006721 -0.477697670 -0.176721081 0.139050543 0.095598750 0.106669441 0.470929205 0.870464385
1341846464.070293 -0.474863678 -0.178183779 0.138635114 0.094607301 0.112772331 0.495230198 0.856200278
1341846464.106086 -0.474867076 -0.177807719 0.136002004 0.093959950 0.114978932 0.508368552 0.848241091
1341846464.138960 -0.475058258 -0.179059580 0.137430191 0.091766447 0.117549144 0.521011174 0.840421617
1341846464.170247 -0.483361423 -0.162869453 0.113352634 0.096184313 0.121474013 0.535620511 0.830122471
1341846464.206089 -0.479632318 -0.166462764 0.117657669 0.101357885 0.128398180 0.553573072 0.816576600
1341846464.238124 -0.475347459 -0.158749864 0.102638155 0.103454500 0.130389705 0.568017900 0.806009591
1341846464.270037 -0.474262536 -0.158112735 0.100249104 0.099502340 0.134389162 0.581650615 0.796066284
1341846464.306089 -0.481139898 -0.171049088 0.118696406 0.098359399 0.144458041 0.594585478 0.784809172
1341846464.337963 -0.482493132 -0.164086550 0.115129784 0.108562365 0.149276555 0.605372667 0.774244606
1341846464.374148 -0.470824957 -0.176712543 0.110417530 0.119310357 0.153415233 0.616233051 0.763207495
1341846464.406125 -0.483498931 -0.173446253 0.113093354 0.129186690 0.160591915 0.622667193 0.754855394
1341846464.438109 -0.483646572 -0.169936121 0.116998151 0.136191741 0.171168119 0.631164551 0.744167030
1341846464.474154 -0.476087034 -0.176085100 0.112288982 0.135009930 0.176593482 0.639423072 0.736019790
1341846464.506083 -0.477320552 -0.178711712 0.112821214 0.132793397 0.181829780 0.647276223 0.728242636
1341846464.538050 -0.479104578 -0.180008382 0.105016090 0.127975434 0.186178789 0.651563704 0.724171579
1341846464.573969 -0.474081516 -0.177649766 0.104793295 0.120300204 0.189422712 0.655612111 0.720985174
1341846464.606003 -0.476488084 -0.179270774 0.101392806 0.116762258 0.194533587 0.662521005 0.713855147
1341846464.642006 -0.480831891 -0.179116547 0.102765918 0.113149792 0.198210627 0.667113125 0.709133089
1341846464.674030 -0.480327457 -0.170439750 0.099635884 0.106696919 0.199245080 0.670630872 0.706520677
1341846464.706178 -0.487418413 -0.172876090 0.093804009 0.100144297 0.204405844 0.674919784 0.701906443
1341846464.741977 -0.483317733 -0.169150800 0.091501743 0.092973180 0.204145253 0.681854665 0.696243465
1341846464.774027 -0.485942602 -0.175848663 0.096332163 0.089946523 0.206996217 0.687297583 0.690423250
1341846464.806072 -0.482795775 -0.178443640 0.094581813 0.084181137 0.208336055 0.687221587 0.690822780
1341846464.842191 -0.485311627 -0.174971163 0.095208079 0.078945138 0.208722830 0.690629482 0.687919617
1341846464.873987 -0.483689666 -0.184787750 0.105061024 0.075936429 0.209740609 0.691669405 0.686903179
1341846464.910024 -0.486337423 -0.177605659 0.091337949 0.072178304 0.207336172 0.691245735 0.688463032
1341846464.941952 -0.485925823 -0.177961290 0.087132350 0.062249772 0.205184773 0.695961654 0.685318589
1341846464.974022 -0.497016817 -0.171022028 0.083643079 0.059710208 0.204630941 0.700948000 0.680612028
1341846465.010148 -0.507424712 -0.172627658 0.088442191 0.056877218 0.203781366 0.705016077 0.676897705
1341846465.042073 -0.509775639 -0.181040883 0.095546097 0.052073844 0.203684777 0.709335506 0.672788203
1341846465.078033 -0.517183781 -0.176920772 0.099664934 0.049891979 0.202304289 0.711595833 0.670980692
1341846465.110007 -0.514246225 -0.173691630 0.089579642 0.046474159 0.195947334 0.713121891 0.671492338
1341846465.142010 -0.515132904 -0.172288895 0.098377898 0.045317970 0.193567619 0.712503731 0.672916234
1341846465.177973 -0.526094317 -0.175565481 0.095586777 0.043649372 0.192115396 0.711237967 0.674779177
1341846465.210092 -0.523811579 -0.173643649 0.090764672 0.039342456 0.186822757 0.710450649 0.677354634
1341846465.241909 -0.519574940 -0.173768282 0.096311271 0.034451298 0.183770001 0.708809614 0.680169582
1341846465.278006 -0.518934548 -0.173415631 0.095130891 0.032203499 0.181899220 0.707908869 0.681718946
1341846465.310248 -0.518522203 -0.166698873 0.096056491 0.032718003 0.179356560 0.705955446 0.684388638
1341846465.346076 -0.523659587 -0.167044848 0.092332363 0.032359973 0.177522272 0.701308787 0.689640999
1341846465.377895 -0.517466068 -0.166502208 0.091228530 0.029072817 0.174371123 0.695315361 0.696624815
1341846465.409986 -0.520564973 -0.164913356 0.090689778 0.026896913 0.174042016 0.685494602 0.706458151
1341846465.446399 -0.524794459 -0.161002994 0.091761373 0.024961222 0.173578903 0.676361024 0.715390146
1341846465.478000 -0.522195399 -0.158767074 0.096659429 0.024708416 0.173798978 0.668321311 0.722862363
1341846465.510268 -0.525034368 -0.165741712 0.097860321 0.025114123 0.176048890 0.658125341 0.731605828
1341846465.545952 -0.524218500 -0.163677573 0.091624714 0.024994953 0.174993038 0.649147093 0.739838421
1341846465.578109 -0.527118087 -0.158623248 0.088775516 0.025225949 0.172925219 0.640364647 0.747926235
1341846465.614033 -0.523783088 -0.162888095 0.090978436 0.023700666 0.170364872 0.631252646 0.756263316
1341846465.646071 -0.529087961 -0.167587161 0.081625074 0.022483408 0.168283299 0.622545600 0.763945162
1341846465.678057 -0.528613269 -0.167559534 0.083631597 0.020091929 0.163474232 0.616003573 0.770332456
1341846465.713982 -0.520443201 -0.163435370 0.091910541 0.019492688 0.160950601 0.608556032 0.776771843
1341846465.745991 -0.528132677 -0.160559118 0.088911749 0.022003394 0.160108149 0.601539373 0.782324493
1341846465.778260 -0.519161642 -0.156017795 0.084394388 0.020940788 0.154366657 0.592723727 0.790196896
1341846465.814116 -0.509085894 -0.155722156 0.090121225 0.018222097 0.151180029 0.582159698 0.798688114
1341846465.845994 -0.514969289 -0.147330970 0.087306105 0.022644626 0.150004044 0.570979536 0.806826174
1341846465.882074 -0.512794733 -0.157831043 0.079718843 0.019728597 0.146476924 0.559647441 0.815444767
1341846465.913915 -0.512067378 -0.144406110 0.082501203 0.018977122 0.140237570 0.546700001 0.825283289
1341846465.946253 -0.505482376 -0.147629291 0.074220926 0.012812521 0.134539768 0.530186951 0.837040484
1341846465.982097 -0.529459596 -0.168424755 0.065174498 0.005552644 0.133549348 0.516824841 0.845591962
1341846466.014088 -0.519720674 -0.163160190 0.085089862 -0.001605546 0.127098009 0.504604578 0.853942513
1341846466.046055 -0.522807658 -0.165965706 0.085664704 -0.002865611 0.125973657 0.494367421 0.860071659
1341846466.082006 -0.521331549 -0.161150306 0.085992843 -0.001564694 0.123498231 0.484404147 0.866082251
1341846466.114092 -0.524826467 -0.158045366 0.082785010 -0.002457092 0.121371478 0.473935902 0.872151256
1341846466.149988 -0.527947485 -0.156898275 0.084320448 -0.003588642 0.121696457 0.461551160 0.878719330
1341846466.182235 -0.523421347 -0.151681989 0.082052097 -0.003226971 0.118961267 0.452221334 0.883930802
1341846466.227775 -0.520348787 -0.137651905 0.076183975 -0.005079359 0.110560395 0.440226555 0.891039371
1341846466.282054 -0.512616754 -0.156579614 0.083702639 -0.021695273 0.108561069 0.403338403 0.908329189
1341846466.318013 -0.504968584 -0.145160869 0.086259961 -0.019594662 0.102953829 0.388995647 0.915258944
1341846466.350104 -0.489782572 -0.142337292 0.084500663 -0.021067685 0.099174894 0.374175221 0.921799004
1341846466.418103 -0.457620680 -0.159853294 0.091258265 -0.023646949 0.096816622 0.359995961 0.927615345
1341846466.450241 -0.454011321 -0.150763825 0.096872926 -0.012522125 0.097470485 0.356744826 0.929018795
1341846466.482241 -0.455797434 -0.147716597 0.095396712 -0.003107657 0.099333368 0.349674135 0.931585312
1341846466.518064 -0.471160293 -0.142534107 0.092345878 0.000791545 0.102176271 0.339971781 0.934868276
1341846466.550013 -0.467007339 -0.146380723 0.085769609 -0.002921355 0.102285497 0.327155858 0.939413726
1341846466.586129 -0.455915332 -0.140491992 0.095526606 -0.004539166 0.101113290 0.313902617 0.944044888
1341846466.617891 -0.446409374 -0.155351609 0.092969261 -0.007737775 0.099530339 0.298192382 0.949270904
1341846466.650067 -0.446886003 -0.156704068 0.100812934 -0.011119255 0.096568726 0.282640427 0.954287827
1341846466.686119 -0.450270802 -0.146319509 0.110291511 -0.015331817 0.097081318 0.268877387 0.958146691
1341846466.718096 -0.447148114 -0.141375616 0.110510781 -0.017099056 0.096396677 0.260256678 0.960563242
1341846466.750165 -0.452591062 -0.136084124 0.108818986 -0.015906319 0.095054284 0.251033604 0.963168681
1341846466.786075 -0.450715780 -0.147244409 0.117113836 -0.022507759 0.096541710 0.239201441 0.965896368
1341846466.817996 -0.460120797 -0.160562068 0.122421175 -0.028788870 0.101020552 0.227765411 0.968033612
1341846466.854152 -0.471533328 -0.175839975 0.122319251 -0.032707907 0.101689957 0.222514629 0.969059646
1341846466.886138 -0.478263646 -0.173245639 0.120425768 -0.035008606 0.100972131 0.214741021 0.970806599
1341846466.918000 -0.504194319 -0.146425158 0.122535795 -0.038952231 0.105321184 0.197910815 0.973766685
1341846466.954116 -0.507896423 -0.148923188 0.130963638 -0.045926228 0.104103126 0.187653854 0.975622594
1341846466.986117 -0.501447916 -0.146846697 0.130420834 -0.053921189 0.099151090 0.176588282 0.977792501
1341846467.018002 -0.501286149 -0.153177872 0.131674320 -0.063358948 0.100940861 0.160207450 0.979862332
1341846467.054121 -0.503060281 -0.160482973 0.136947691 -0.070391811 0.101306073 0.149272487 0.981070757
1341846467.086519 -0.507522702 -0.167045593 0.139448583 -0.072341733 0.098386519 0.137442380 0.982952952
1341846467.122117 -0.492043585 -0.163784876 0.137287617 -0.074374527 0.092602111 0.123670146 0.985189855
1341846467.154292 -0.505547285 -0.168900043 0.140635833 -0.072547182 0.095907785 0.111838117 0.986423254
1341846467.221944 -0.510115325 -0.148759425 0.126113519 -0.059005994 0.087793842 0.097237431 0.989623904
1341846467.254128 -0.520586729 -0.144852847 0.122014746 -0.063196309 0.086021058 0.082250357 0.990879178
1341846467.290073 -0.519558728 -0.154082701 0.117716782 -0.069780834 0.081336521 0.070632175 0.991728842
1341846467.322189 -0.534489810 -0.144884840 0.114831835 -0.070646353 0.078026526 0.062878884 0.992455125
1341846467.354092 -0.524836659 -0.144374609 0.110659048 -0.073065504 0.068606347 0.055791669 0.993399143
1341846467.390082 -0.526854396 -0.149072871 0.110536329 -0.074714698 0.062753491 0.045118235 0.994205236
1341846467.422206 -0.527989447 -0.153325588 0.104213446 -0.073917016 0.057465348 0.041062787 0.994760215
1341846467.454073 -0.536897957 -0.162246868 0.107278898 -0.072303765 0.053127691 0.036103111 0.995312154
1341846467.490150 -0.540295780 -0.158543557 0.099022806 -0.062495355 0.047590084 0.033855703 0.996334970
1341846467.522115 -0.536439657 -0.162059471 0.090910003 -0.055482704 0.043133538 0.032654516 0.996992886
1341846467.558053 -0.535811484 -0.160945207 0.082981437 -0.046554741 0.039295014 0.027438471 0.997765362
1341846467.589949 -0.533781171 -0.165498197 0.088666342 -0.038780957 0.034148715 0.026836419 0.998303473
1341846467.622077 -0.527716756 -0.178700119 0.077433124 -0.029422199 0.027941661 0.030307351 0.998716712
1341846467.658139 -0.518230498 -0.175751463 0.077846080 -0.016778689 0.024182234 0.036145765 0.998912990
1341846467.690047 -0.504265845 -0.167066529 0.069364235 -0.001545476 0.016744204 0.043709993 0.998902798
1341846467.721985 -0.499518991 -0.176233515 0.061967950 0.005573384 0.008003055 0.046508253 0.998870313
1341846467.758049 -0.469446898 -0.156637728 0.056149811 0.012116404 -0.004690297 0.049653973 0.998681962
1341846467.789943 -0.438014835 -0.140014097 0.031345285 0.014959369 -0.014739872 0.053603359 0.998341501
1341846467.826009 -0.416376114 -0.149609536 0.009823294 0.009551806 -0.023930695 0.057210445 0.998029590
1341846467.858121 -0.403096437 -0.156754062 0.008412109 0.005360792 -0.032032009 0.058818545 0.997740269
1341846467.890215 -0.403292894 -0.151588649 0.000216986 0.007556978 -0.035777628 0.063313387 0.997323573
1341846467.926038 -0.405693084 -0.147869140 -0.013310068 0.007930540 -0.036729038 0.059438754 0.997524559
1341846467.957994 -0.399408013 -0.156676590 -0.025016183 0.005518784 -0.038119629 0.057935972 0.997577012
1341846467.990124 -0.368108511 -0.153480500 -0.028904064 0.004468766 -0.045036938 0.059254870 0.997216463
1341846468.026228 -0.377722889 -0.151308462 -0.044942420 -0.001636976 -0.044161394 0.057155669 0.997386754
1341846468.058002 -0.372582018 -0.146681517 -0.048478499 -0.008969247 -0.043268003 0.057134815 0.997388124
1341846468.094305 -0.353412479 -0.141205668 -0.054691173 -0.013623884 -0.044551108 0.055113316 0.997392714
1341846468.126042 -0.338643342 -0.144433022 -0.072881848 -0.022231923 -0.047018677 0.061926879 0.996724665
1341846468.158486 -0.335391760 -0.143720776 -0.080395959 -0.032525782 -0.045471244 0.058099587 0.996744215
1341846468.194517 -0.332180589 -0.151965350 -0.078663804 -0.046931237 -0.039649144 0.051699985 0.996771038
1341846468.226561 -0.318464369 -0.146890819 -0.083870113 -0.060359959 -0.035820294 0.049227174 0.996318400
1341846468.258171 -0.322468251 -0.148525864 -0.079492010 -0.071345851 -0.030352734 0.043471843 0.996041536
1341846468.309995 -0.297854930 -0.140354037 -0.083375946 -0.078249887 -0.027446490 0.039255299 0.995782495
1341846468.335863 -0.276790082 -0.144996718 -0.086249858 -0.087701835 -0.021342458 0.032392342 0.995391190
1341846468.400413 -0.256013960 -0.131544098 -0.085200682 -0.092624672 -0.017124888 0.036470871 0.994885564
1341846468.462095 -0.200602293 -0.134963647 -0.090306126 -0.100479126 -0.017761301 0.037111424 0.994088173
1341846468.494284 -0.197860539 -0.138022900 -0.078400373 -0.103472248 -0.015178922 0.038266134 0.993780077
1341846468.529997 -0.192821935 -0.133183345 -0.077344403 -0.102334045 -0.013373926 0.040679127 0.993827999
1341846468.562003 -0.159454063 -0.126229033 -0.077031270 -0.102720395 -0.015902784 0.040067147 0.993775785
1341846468.594314 -0.169329867 -0.125700787 -0.075385638 -0.103438184 -0.010218194 0.038428381 0.993840814
1341846468.630018 -0.188881129 -0.122851431 -0.069619484 -0.102406509 -0.004812959 0.037553549 0.994021893
1341846468.662064 -0.160959110 -0.122343205 -0.072886698 -0.101608075 -0.008208171 0.038308598 0.994052827
1341846468.694446 -0.154864162 -0.103000507 -0.060317840 -0.099290013 -0.005034195 0.032988109 0.994498849
1341846468.730126 -0.134612054 -0.127271950 -0.049260311 -0.100362651 -0.006245809 0.035416767 0.994300783
1341846468.762147 -0.122383080 -0.125192374 -0.043932151 -0.096325360 -0.008351761 0.038387809 0.994574308
1341846468.797962 -0.096650690 -0.127970591 -0.039622862 -0.095468536 -0.011860995 0.038150564 0.994630396
1341846468.830113 -0.075432375 -0.134045869 -0.028506912 -0.096931681 -0.012549683 0.033425272 0.994650483
1341846468.862077 -0.089458168 -0.133541584 -0.029558226 -0.094224140 -0.008616639 0.034068078 0.994930625
1341846468.897982 -0.074119069 -0.130095541 -0.030866077 -0.089584172 -0.010340209 0.038317010 0.995188236
1341846468.930161 -0.066206478 -0.116558269 -0.032334469 -0.085553683 -0.009543261 0.037568655 0.995579302
1341846468.962214 -0.051942490 -0.106293164 -0.026180902 -0.083507657 -0.008905030 0.038529605 0.995722175
1341846468.998002 -0.065092392 -0.115961388 -0.026853722 -0.082614496 -0.006760598 0.040201928 0.995747447
1341846469.030028 -0.056722049 -0.113546968 -0.022130845 -0.078378797 -0.008755051 0.043413386 0.995939434
1341846469.066173 -0.038717031 -0.099597678 -0.027321091 -0.073499709 -0.010764310 0.042570822 0.996328115
1341846469.098358 -0.039363600 -0.102394141 -0.022679608 -0.075854160 -0.011092927 0.044720713 0.996053815
1341846469.131076 -0.025056563 -0.103191078 -0.024193350 -0.076030396 -0.014095793 0.044783022 0.995999634
1341846469.166463 -0.025630537 -0.104971409 -0.020928551 -0.074604802 -0.011977961 0.043381270 0.996197104
1341846469.198284 -0.023899036 -0.107369214 -0.019704483 -0.073230051 -0.010877177 0.045237239 0.996229231
1341846469.242554 -0.017731724 -0.108520098 -0.018396862 -0.071905971 -0.011801821 0.047455773 0.996211946
1341846469.272447 -0.012461627 -0.106047817 -0.021221733 -0.070850424 -0.011922663 0.046558034 0.996328473
1341846469.339987 -0.012018195 -0.109660268 -0.015436674 -0.071796782 -0.008788234 0.046918776 0.996276379
1341846469.398298 -0.005622432 -0.107658610 -0.020562857 -0.073007666 -0.007571675 0.046249509 0.996229708
1341846469.434042 -0.009490120 -0.115166217 -0.019511759 -0.075747646 -0.003590853 0.043539017 0.996169567
1341846469.466076 -0.012842352 -0.108908512 -0.022655722 -0.074981734 -0.001848398 0.044504147 0.996189594
1341846469.502529 -0.014154118 -0.111075550 -0.024132883 -0.077581808 -0.001329561 0.045931138 0.995926559
1341846469.534729 -0.007970066 -0.115706757 -0.025036415 -0.081044823 -0.000810454 0.042777199 0.995791733
1341846469.566597 -0.012841301 -0.113957785 -0.024993967 -0.082188472 0.001602894 0.041905228 0.995734155
1341846469.602391 -0.015561282 -0.112427659 -0.027795894 -0.082464188 0.002226063 0.043635152 0.995635808
1341846469.634717 -0.015526666 -0.119720191 -0.030757252 -0.085075736 0.002902844 0.042251397 0.995474041
1341846469.667242 -0.022625126 -0.118967339 -0.029061113 -0.086193822 0.006721240 0.039887398 0.995456994
1341846469.702595 -0.023721183 -0.115762390 -0.033432864 -0.085827827 0.006982212 0.040867079 0.995446980
1341846469.734373 -0.018758057 -0.127971232 -0.032908328 -0.088515550 0.007179850 0.040731974 0.995215774
1341846469.771003 -0.020544244 -0.124101095 -0.034193967 -0.086607262 0.009730653 0.039956354 0.995393455
1341846469.803099 -0.025293738 -0.126795158 -0.036386173 -0.087062292 0.011208606 0.040015873 0.995335758
1341846469.834283 -0.029454654 -0.128427938 -0.039908603 -0.087448798 0.013111436 0.040190808 0.995271564
1341846469.871263 -0.034559593 -0.127879038 -0.042199478 -0.087012820 0.016108895 0.038096372 0.995348155
1341846469.902171 -0.037394617 -0.126851946 -0.040629715 -0.086546108 0.017984621 0.038605712 0.995337129
1341846469.934183 -0.041533940 -0.123885334 -0.039805949 -0.084823385 0.018819584 0.040607996 0.995390296
1341846469.969991 -0.041218452 -0.130048409 -0.044579692 -0.083617769 0.020200770 0.039591882 0.995506167
1341846470.002102 -0.048420928 -0.122376204 -0.045649614 -0.080335043 0.023882503 0.039301980 0.995706439
1341846470.038184 -0.051493555 -0.124079332 -0.044177841 -0.079635270 0.024637563 0.041503929 0.995654881
1341846470.070096 -0.040979031 -0.125410452 -0.048300989 -0.078583926 0.024314823 0.044503033 0.995616853
1341846470.107943 -0.052589063 -0.121216476 -0.049882885 -0.074045114 0.029693827 0.044926941 0.995799780
1341846470.170125 -0.049331557 -0.127822667 -0.055723421 -0.066292033 0.032130100 0.051285293 0.995963275
1341846470.202144 -0.044887319 -0.127846479 -0.058226049 -0.063978396 0.033506460 0.051504381 0.996057928
1341846470.238185 -0.052383669 -0.125237465 -0.059491728 -0.060160633 0.036955912 0.052549500 0.996119261
1341846470.269875 -0.056383640 -0.119779311 -0.059733294 -0.055280328 0.037032440 0.057596628 0.996120155
1341846470.306072 -0.048447765 -0.128049612 -0.063230827 -0.054496147 0.035618577 0.057763051 0.996205270
1341846470.337953 -0.050735176 -0.126447231 -0.063337393 -0.051582262 0.037915129 0.056661345 0.996338904
1341846470.370014 -0.058032945 -0.122282058 -0.060048781 -0.048330650 0.038681962 0.058758009 0.996351063
1341846470.405987 -0.059888247 -0.119893521 -0.064075708 -0.045133162 0.038146153 0.060325716 0.996427953
1341846470.438051 -0.048170593 -0.117260143 -0.063993208 -0.042946834 0.036521249 0.059395555 0.996641338
1341846470.470041 -0.058877807 -0.119099110 -0.062831059 -0.042520262 0.038024772 0.060959853 0.996508956
1341846470.506110 -0.053954251 -0.127809256 -0.062738977 -0.042090509 0.035302211 0.061304037 0.996606231
1341846470.538167 -0.050816819 -0.125228271 -0.063701168 -0.039965823 0.034895204 0.061116237 0.996719539
1341846470.573973 -0.057585653 -0.129648358 -0.064833745 -0.040669918 0.036095135 0.060870860 0.996663392
1341846470.606133 -0.043366559 -0.135912582 -0.070961080 -0.041343961 0.032773472 0.063206077 0.996605039
