1341846434.710184 0.000000000 0.000000000 0.000000000 -0.000000000 -0.000000000 -0.000000000 1.000000000
1341846434.746225 0.003535856 -0.001700851 0.000801632 0.002811276 0.001891867 0.003078052 0.999989510
1341846434.778203 0.018092476 -0.005680771 -0.018044198 0.004236678 0.002194416 0.006172714 0.999969602
1341846434.810024 0.024852924 -0.002333444 -0.023981962 0.004679207 0.003533177 0.004892866 0.999970913
1341846434.846345 0.029117486 -0.007247688 -0.027808277 0.002515732 0.003011132 0.001332297 0.999991417
1341846434.878202 0.028280269 -0.001462769 -0.023999371 0.002563140 0.001097952 -0.009421199 0.999951780
1341846434.914148 0.047524508 -0.000292162 -0.022297423 0.002054770 -0.007205971 -0.016489204 0.999836028
1341846434.946443 0.055434361 -0.006243488 -0.048807468 -0.000364298 -0.021108950 -0.026068758 0.999437213
1341846434.978088 0.051710498 -0.007281633 -0.055479523 0.000389539 -0.026700504 -0.029347595 0.999212563
1341846435.014019 0.070861399 -0.017280083 -0.040620461 0.000807447 -0.034391794 -0.026935581 0.999045074
1341846435.045942 0.072212823 -0.015960628 -0.042106263 0.002935078 -0.035946384 -0.028547764 0.998941541
1341846435.077985 0.105066240 -0.026034856 -0.044535235 0.003747660 -0.038198493 -0.026774846 0.998904407
1341846435.113961 0.108331770 -0.038699985 -0.042113654 0.005830391 -0.036432363 -0.025530592 0.998992980
1341846435.146181 0.116482370 -0.033307590 -0.043942269 0.009982252 -0.037798878 -0.025678132 0.998905540
1341846435.182052 0.116497025 -0.033590376 -0.051742777 0.012314802 -0.041433688 -0.023017241 0.998800218
1341846435.213955 0.126617521 -0.040160175 -0.053624842 0.013838531 -0.047941487 -0.018134719 0.998589635
1341846435.246495 0.136568576 -0.037597157 -0.042524431 0.017518200 -0.053879470 -0.013193886 0.998306632
1341846435.281968 0.146008834 -0.033285901 -0.053000450 0.018976718 -0.063835308 -0.011461124 0.997714221
1341846435.319946 0.155765831 -0.030121392 -0.049936388 0.017787835 -0.072375879 -0.011930174 0.997147441
1341846435.382078 0.170219675 -0.048127543 -0.051395021 0.012795822 -0.081652656 -0.008633876 0.996541381
1341846435.414309 0.177916199 -0.058568735 -0.054731347 0.015046824 -0.084826335 -0.004921693 0.996270001
1341846435.450323 0.190182045 -0.051966596 -0.061796080 0.018020786 -0.090490602 -0.003929507 0.995726585
1341846435.482273 0.209629074 -0.050312765 -0.050240889 0.018529192 -0.092590973 -0.005321871 0.995517612
1341846435.513983 0.219795048 -0.048690498 -0.055647485 0.018994624 -0.090544038 -0.007203508 0.995685279
1341846435.550153 0.227268904 -0.040420461 -0.054250177 0.017908128 -0.089481644 -0.008335966 0.995792627
1341846435.582003 0.226024732 -0.053926252 -0.057045992 0.015586824 -0.091113031 -0.011005676 0.995657802
1341846435.618180 0.235235274 -0.056655627 -0.054478146 0.018953560 -0.098281793 -0.011228369 0.994914830
1341846435.650183 0.251234561 -0.056421023 -0.057771683 0.022044316 -0.105499297 -0.013103697 0.994088709
1341846435.681920 0.268378735 -0.056988001 -0.053385291 0.024404464 -0.107042126 -0.013816696 0.993858933
1341846435.717877 0.278446972 -0.056262270 -0.058364037 0.025586078 -0.108172178 -0.014238362 0.993700862
1341846435.750187 0.286842018 -0.053673711 -0.041452948 0.025708053 -0.111075401 -0.016713852 0.993338883
1341846435.782022 0.295882344 -0.055936873 -0.051203504 0.026525309 -0.114927791 -0.017277723 0.992869318
1341846435.818082 0.308148354 -0.058930356 -0.045861654 0.026382683 -0.118161060 -0.018269464 0.992475808
1341846435.849992 0.314198196 -0.060469769 -0.056497794 0.027754376 -0.120457970 -0.019154539 0.992145538
1341846435.886101 0.324771821 -0.059461288 -0.057403274 0.028668223 -0.124823049 -0.019957433 0.991564035
1341846435.918077 0.342593908 -0.059052378 -0.057137851 0.028274799 -0.129313588 -0.018732425 0.991023540
1341846435.950077 0.351638108 -0.069959879 -0.066169985 0.026745997 -0.132250354 -0.016241064 0.990722358
1341846435.986080 0.364483923 -0.073972672 -0.050529633 0.028328929 -0.137750328 -0.013209971 0.989973664
1341846436.018119 0.377592981 -0.067848809 -0.057365332 0.029657327 -0.143696547 -0.012656166 0.989096344
1341846436.050565 0.392304420 -0.061817307 -0.055716466 0.029473960 -0.148785293 -0.010059791 0.988379002
1341846436.085970 0.400608599 -0.062095609 -0.049808085 0.027500676 -0.152149409 -0.007836592 0.987943769
1341846436.118116 0.411681890 -0.067019098 -0.045304328 0.025805321 -0.157739431 -0.006011709 0.987125278
1341846436.153952 0.432996422 -0.068644121 -0.038618945 0.026262533 -0.161474988 -0.004372775 0.986517668
1341846436.185994 0.435773790 -0.072379388 -0.043915339 0.026786217 -0.162052363 -0.003345753 0.986412883
1341846436.218096 0.451504439 -0.069695063 -0.030333325 0.028778918 -0.167166740 0.000320642 0.985508502
1341846436.253965 0.464799166 -0.054811474 -0.028667048 0.029140996 -0.168611422 0.001979197 0.985249758
1341846436.286007 0.467448264 -0.064767160 -0.023462415 0.025142798 -0.167876914 0.001779308 0.985485733
1341846436.318164 0.471950710 -0.075136594 -0.016085889 0.024820434 -0.170543119 0.002961232 0.985033095
1341846436.354084 0.485098183 -0.064768650 -0.014925757 0.025438864 -0.173113048 0.002481825 0.984570324
1341846436.385958 0.488615960 -0.068717889 -0.009293785 0.023660664 -0.173202321 0.000156614 0.984602034
1341846436.422052 0.485946208 -0.076111898 -0.009856523 0.023360578 -0.175058544 0.000493323 0.984280765
1341846436.453972 0.491102219 -0.079516910 -0.010357779 0.024355160 -0.179490849 0.000527791 0.983457983
1341846436.485966 0.502018809 -0.070261970 -0.007159111 0.026181629 -0.182475686 0.000597596 0.982861578
1341846436.522075 0.498553425 -0.070343174 -0.003537034 0.024016486 -0.184792981 -0.000208224 0.982484043
1341846436.553975 0.496536076 -0.081334844 -0.006858598 0.021865720 -0.189853579 -0.000675757 0.981568754
1341846436.590103 0.502643466 -0.075687610 0.005783789 0.021785362 -0.197277680 -0.000615075 0.980105460
1341846436.622042 0.514172077 -0.070588924 0.007358883 0.019925987 -0.202423900 -0.003534512 0.979088962
1341846436.654125 0.522577941 -0.081547610 0.026481792 0.017369751 -0.206396192 -0.005704557 0.978297770
1341846436.690078 0.511891484 -0.082809411 0.028350037 0.018416226 -0.210891008 -0.007960175 0.977303743
1341846436.722015 0.527910590 -0.079056531 0.025279792 0.018349472 -0.219038621 -0.009347854 0.975498855
1341846436.754167 0.544740438 -0.089650229 0.038154781 0.016700631 -0.227310091 -0.009845421 0.973629415
1341846436.790021 0.533304214 -0.089243837 0.067430034 0.020203162 -0.234227136 -0.009624168 0.971924305
1341846436.822079 0.558749080 -0.077300243 0.045709986 0.022316588 -0.242241174 -0.012340756 0.969880879
1341846436.858129 0.579175353 -0.072783962 0.046673503 0.019247996 -0.246536717 -0.011661552 0.968872130
1341846436.889894 0.580634475 -0.081912592 0.066092283 0.015471207 -0.249311537 -0.009507605 0.968253076
1341846436.922139 0.576670051 -0.093257867 0.058031034 0.015689431 -0.252416313 -0.004503206 0.967481017
1341846436.958108 0.598923683 -0.086581402 0.056034446 0.015510851 -0.258779705 0.000683877 0.965811610
1341846436.990096 0.606010854 -0.088132806 0.076286003 0.013137555 -0.263187408 0.000425521 0.964655221
1341846437.058136 0.619435251 -0.088731229 0.070120350 0.010823802 -0.270589113 0.003583444 0.962627411
1341846437.096585 0.630099893 -0.090143047 0.076420143 0.008935992 -0.275163352 0.005174754 0.961342037
1341846437.126102 0.637493372 -0.077762529 0.075452268 0.007408784 -0.278547734 0.004155087 0.960384786
1341846437.158050 0.641520381 -0.073778935 0.076659366 0.002816750 -0.280714333 0.004265782 0.959777772
1341846437.226114 0.655502200 -0.043188043 0.101606518 -0.009400382 -0.288396746 0.002777953 0.957460821
1341846437.258123 0.666200578 -0.074758746 0.095779806 -0.024276486 -0.289977849 0.002505871 0.956722140
1341846437.290095 0.670638442 -0.069435470 0.097598210 -0.028966811 -0.293362260 0.004623286 0.955551267
1341846437.326061 0.678627372 -0.070952274 0.101571649 -0.036437351 -0.298091292 0.005963081 0.953823030
1341846437.364153 0.687725902 -0.076945007 0.112783194 -0.042394072 -0.303307205 0.004779952 0.951937318
1341846437.396140 0.696665645 -0.080930911 0.115738407 -0.046095762 -0.307785183 0.003740504 0.950331271
1341846437.431962 0.699102163 -0.076243773 0.113876417 -0.049244914 -0.313456208 0.003608001 0.948318064
1341846437.464061 0.707643628 -0.066383667 0.127401352 -0.054576147 -0.319151253 0.001540619 0.946129799
1341846437.500080 0.716897428 -0.083913445 0.136916101 -0.062042207 -0.322575063 0.001678732 0.944506943
1341846437.536428 0.712464929 -0.094778247 0.149577528 -0.063365661 -0.326378673 0.002240501 0.943110168
1341846437.568842 0.736173749 -0.092849061 0.173450202 -0.058946185 -0.333734989 0.005638527 0.940805256
1341846437.600736 0.727464676 -0.086558789 0.155984581 -0.051895406 -0.333065093 0.002176312 0.941472113
1341846437.632742 0.750191808 -0.086898334 0.174940854 -0.050473593 -0.335693538 0.004850344 0.940605581
1341846437.669713 0.757235110 -0.089680895 0.182626486 -0.050040420 -0.335268527 0.004724646 0.940780938
1341846437.700232 0.740020871 -0.078703552 0.178756580 -0.044481371 -0.331608534 -0.003510417 0.942361295
1341846437.739652 0.773737192 -0.080302522 0.203701228 -0.044305865 -0.327862024 -0.005010463 0.943672836
1341846437.795294 0.777489364 -0.092664815 0.195365578 -0.041612435 -0.315061510 -0.018901190 0.947970152
1341846437.830422 0.771901429 -0.092050366 0.202464446 -0.038342010 -0.313355327 -0.018120851 0.948688567
1341846437.863213 0.787025332 -0.090671584 0.210220501 -0.036693282 -0.313627213 -0.013922319 0.948734820
1341846437.930096 0.803131700 -0.092598334 0.207493350 -0.037125360 -0.305426508 -0.009145495 0.951447725
1341846437.961942 0.799213648 -0.100233622 0.216086924 -0.038420178 -0.307068080 -0.006458234 0.950889826
1341846437.994103 0.802895367 -0.082236290 0.220686749 -0.037050620 -0.309517235 -0.004584194 0.950160682
1341846438.030032 0.820248306 -0.072201803 0.219587192 -0.042345747 -0.309342861 -0.003254084 0.950001717
1341846438.068074 0.812080920 -0.097063020 0.236751735 -0.049264025 -0.309971750 -0.003618575 0.949461699
1341846438.130017 0.813841224 -0.098268390 0.260358781 -0.041413028 -0.314878166 -0.001911844 0.948226273
1341846438.164374 0.819102466 -0.086810634 0.259125084 -0.039336815 -0.313712418 -0.004719742 0.948691130
1341846438.198015 0.815439880 -0.096663356 0.262631148 -0.042870849 -0.311591268 -0.006321632 0.949227631
1341846438.229906 0.804969788 -0.105299301 0.265556008 -0.041764133 -0.310790241 -0.007069116 0.949534237
1341846438.262251 0.806169868 -0.090244323 0.269599468 -0.038217776 -0.309812158 -0.008064336 0.949995220
1341846438.298333 0.819555759 -0.095397353 0.275692463 -0.039279401 -0.304193318 -0.011021282 0.951736391
1341846438.329987 0.803583205 -0.104234189 0.269316465 -0.038026348 -0.295888901 -0.013804896 0.954365373
1341846438.366126 0.794804573 -0.086936906 0.266152799 -0.036391523 -0.291700125 -0.012820958 0.955731332
1341846438.398154 0.795750260 -0.082631119 0.281977296 -0.041110676 -0.286432892 -0.013001309 0.957129657
1341846438.430136 0.785637319 -0.099754296 0.277169555 -0.044537522 -0.276544392 -0.013358188 0.959875643
1341846438.465965 0.772582650 -0.097409397 0.277173370 -0.042888690 -0.271186233 -0.009383098 0.961525202
1341846438.530106 0.749894142 -0.082164444 0.276898652 -0.044911332 -0.265789777 -0.005153652 0.962970495
1341846438.566686 0.736675024 -0.090035796 0.282410532 -0.046460629 -0.264313012 -0.002313560 0.963314533
1341846438.598145 0.729973614 -0.086762533 0.287919641 -0.044750802 -0.265723586 0.001648576 0.963008642
1341846438.634113 0.737234831 -0.075811505 0.281400800 -0.043504428 -0.263876885 0.002123273 0.963572502
1341846438.665920 0.737032533 -0.066614658 0.286866754 -0.046641655 -0.255146712 0.002323920 0.965774000
1341846438.697986 0.724937201 -0.086117715 0.298656017 -0.048762165 -0.246877328 0.002057119 0.967816949
1341846438.734146 0.705295622 -0.073950276 0.286285549 -0.042031460 -0.236745268 0.005339584 0.970647454
1341846438.766996 0.705758929 -0.058756091 0.267511308 -0.042757384 -0.226781085 0.007891622 0.972974837
1341846438.801972 0.692484915 -0.059894245 0.275188297 -0.048547212 -0.214960858 0.007415889 0.975387096
1341846438.834118 0.678233385 -0.067711040 0.282676607 -0.051659670 -0.207924470 0.007115612 0.976753891
1341846438.865936 0.677250862 -0.085172541 0.285954773 -0.051064622 -0.203289866 0.011421349 0.977719367
1341846438.902045 0.664837360 -0.067744635 0.275530279 -0.044481602 -0.197053745 0.011863019 0.979311228
1341846438.934115 0.652479053 -0.063185938 0.270490855 -0.044628311 -0.191253141 0.007277717 0.980498672
1341846438.966314 0.638809204 -0.067239270 0.272811800 -0.045623749 -0.185985029 0.001689557 0.981491387
1341846439.001871 0.634251177 -0.075381950 0.286373943 -0.046721652 -0.180977419 0.002366541 0.982374072
1341846439.034612 0.618999302 -0.076042369 0.270053893 -0.043835022 -0.172427222 0.000004534 0.984046459
1341846439.070117 0.614359617 -0.074631475 0.282284647 -0.040848833 -0.167515710 0.000005024 0.985022843
1341846439.101969 0.606893420 -0.077137962 0.278024256 -0.036826219 -0.158555970 0.000296937 0.986662984
1341846439.134146 0.584657192 -0.077348284 0.271962851 -0.031958729 -0.149190411 0.000752993 0.988291621
1341846439.170111 0.560626447 -0.075946741 0.269614577 -0.026863104 -0.139441073 0.002348156 0.989863157
1341846439.202174 0.548631847 -0.075976536 0.262784690 -0.024467448 -0.131390095 0.002421715 0.991025865
1341846439.234198 0.538360238 -0.077366710 0.263174444 -0.023464371 -0.123676151 0.002800357 0.992041290
1341846439.269869 0.534076869 -0.078337632 0.265407890 -0.020327417 -0.115930520 0.002594220 0.993045986
1341846439.302022 0.510515392 -0.079787239 0.254032791 -0.014976001 -0.107029885 0.001615672 0.994141757
1341846439.338209 0.494688153 -0.066161856 0.250073254 -0.010686195 -0.100876242 -0.000880396 0.994841278
1341846439.369920 0.488038331 -0.074212648 0.251488030 -0.012100623 -0.095346734 -0.003293369 0.995365143
1341846439.402179 0.462402731 -0.086474761 0.251060694 -0.009100504 -0.088213496 -0.005498261 0.996044934
1341846439.437979 0.447281003 -0.080767781 0.243801981 -0.003320276 -0.085543208 -0.003773996 0.996321857
1341846439.470001 0.442398697 -0.071732447 0.247205600 -0.000632761 -0.082443617 -0.001672253 0.996594191
1341846439.502101 0.424463034 -0.078871176 0.242797434 0.000215357 -0.076572560 -0.004792958 0.997052491
1341846439.538102 0.401419729 -0.085850790 0.242046192 0.003072196 -0.072768547 -0.006478597 0.997323096
1341846439.570087 0.393825531 -0.081814416 0.236500964 0.007423286 -0.071972035 -0.005310411 0.997364879
1341846439.605986 0.384456009 -0.079856172 0.239995867 0.009591282 -0.069033995 -0.005061059 0.997555435
1341846439.638201 0.374589473 -0.080252841 0.235014305 0.011268456 -0.064911090 -0.004465475 0.997817516
1341846439.670177 0.357436866 -0.078812212 0.240566999 0.012925943 -0.060870089 -0.005332544 0.998047769
1341846439.706034 0.345596045 -0.076804772 0.240584612 0.014140094 -0.057555575 -0.005127057 0.998229027
1341846439.737939 0.338844627 -0.084035970 0.236370713 0.014984615 -0.054482900 -0.003623421 0.998395741
1341846439.774173 0.340591848 -0.082527988 0.232512325 0.017220184 -0.049595311 -0.002500348 0.998617828
1341846439.806288 0.320362985 -0.074655488 0.237221748 0.019194704 -0.041245572 -0.002198424 0.998962283
1341846439.846398 0.301613569 -0.069141336 0.233396932 0.018566087 -0.034011327 -0.003182005 0.999243975
1341846439.906194 0.275649607 -0.083632722 0.233484954 0.015198683 -0.015985908 -0.007958745 0.999725103
1341846439.938149 0.254980594 -0.079488508 0.233181775 0.017431624 -0.008474747 -0.006844143 0.999788761
1341846439.974174 0.256543994 -0.058741435 0.227563575 0.017015532 -0.003265617 -0.006836959 0.999826550
1341846440.006174 0.241595879 -0.058261741 0.240007520 0.010697958 0.006982837 -0.009158900 0.999876499
1341846440.042214 0.214861602 -0.073176071 0.249059871 0.006614914 0.016090320 -0.007451973 0.999820948
1341846440.073971 0.203293815 -0.071682066 0.246950835 0.008488511 0.021783883 -0.003288587 0.999721289
1341846440.106449 0.196469620 -0.065024167 0.239187643 0.007969519 0.029725116 -0.003701964 0.999519527
1341846440.142076 0.164206073 -0.077419236 0.249518380 0.006374064 0.039475992 -0.005460221 0.999185324
1341846440.173898 0.155373171 -0.079969801 0.250817418 0.009940631 0.043575875 0.001910443 0.998998880
1341846440.206048 0.135788038 -0.068031110 0.245755538 0.012584179 0.049307123 0.006523761 0.998683095
1341846440.242218 0.115384236 -0.077079050 0.250898123 0.012335679 0.052332804 0.007080216 0.998528481
1341846440.274220 0.111340299 -0.081739873 0.255156368 0.016957423 0.052932873 0.005743751 0.998437583
1341846440.310040 0.106064782 -0.068474270 0.251014411 0.021151619 0.057533786 0.007268322 0.998093069
1341846440.341908 0.088527411 -0.066708095 0.252684712 0.021346016 0.063970007 0.008191838 0.997689903
1341846440.374065 0.073099613 -0.073574185 0.256887764 0.022430032 0.068484224 0.008820165 0.997361004
1341846440.410065 0.061479073 -0.069821529 0.258387208 0.025357442 0.072219230 0.006646440 0.997044206
1341846440.442063 0.053151485 -0.070507348 0.253194064 0.027370565 0.077763051 0.004208158 0.996587217
1341846440.474055 0.026943440 -0.069023289 0.255731851 0.028977623 0.084193163 -0.000070606 0.996028006
1341846440.510034 0.019971903 -0.067334674 0.255882382 0.029591650 0.085920401 -0.001292126 0.995861650
1341846440.542081 0.009157840 -0.057091951 0.251249909 0.029315777 0.090452731 -0.002971576 0.995464802
1341846440.578060 -0.008434830 -0.061872985 0.256093562 0.026676303 0.096719682 -0.006735240 0.994931340
1341846440.610154 -0.020999705 -0.068604693 0.255854219 0.027003204 0.101299934 -0.008789807 0.994450569
1341846440.642042 -0.045592755 -0.063500650 0.255400538 0.027925551 0.106203504 -0.008256696 0.993917942
1341846440.678071 -0.061256938 -0.057789721 0.254808545 0.026769528 0.108759344 -0.007005389 0.993682921
1341846440.710213 -0.064696729 -0.054807283 0.248472944 0.024477437 0.112571821 -0.006659088 0.993319809
1341846440.742033 -0.088334307 -0.049178898 0.253542960 0.021878079 0.119575344 -0.006958209 0.992559671
1341846440.778145 -0.111256406 -0.057636477 0.250555158 0.017984284 0.124016233 -0.005865306 0.992099941
1341846440.810360 -0.120757766 -0.059560806 0.251398653 0.016023060 0.126945347 -0.005480773 0.991765201
1341846440.846329 -0.131166771 -0.068404771 0.254729837 0.014780605 0.132404372 -0.004516559 0.991075337
1341846440.878141 -0.162746653 -0.069557205 0.253029346 0.017270835 0.137487784 -0.001929666 0.990351081
1341846440.920960 -0.176507220 -0.047476999 0.255448848 0.018145364 0.138634592 0.000481121 0.990177274
1341846440.952308 -0.181078210 -0.047782015 0.259047270 0.012651776 0.140756935 0.002565312 0.989960015
1341846440.986714 -0.203515947 -0.063840322 0.269572020 0.008966059 0.146110103 0.004099410 0.989219248
1341846441.052118 -0.236785695 -0.067908660 0.272258580 0.014812142 0.142072678 0.015024298 0.989631414
1341846441.114116 -0.253336549 -0.057567272 0.271243572 0.017643740 0.145672128 0.015940240 0.989047110
1341846441.146132 -0.275710732 -0.055881441 0.272607565 0.017826637 0.145165622 0.016027424 0.989116967
1341846441.178054 -0.262659520 -0.050943185 0.263082206 0.017038818 0.142747223 0.017096052 0.989464879
1341846441.214136 -0.265011013 -0.055658743 0.265113056 0.014159694 0.148515761 0.014455260 0.988703012
1341846441.246039 -0.289818048 -0.065494925 0.271353364 0.014064119 0.154929847 0.011819119 0.987754643
1341846441.282130 -0.299131155 -0.058065206 0.268243134 0.016439553 0.156811446 0.010746326 0.987433255
1341846441.314084 -0.299075454 -0.052662976 0.261016637 0.015546833 0.160606191 0.009054993 0.986854613
1341846441.346088 -0.321454614 -0.063521311 0.269883186 0.013517915 0.167231560 0.006514826 0.985803485
1341846441.382129 -0.334774762 -0.069034815 0.271984398 0.015696947 0.169137493 0.005299837 0.985453248
1341846441.414517 -0.357345134 -0.067528330 0.270869464 0.017847206 0.170471355 0.003374567 0.985195220
1341846441.445996 -0.359943360 -0.064609855 0.268505633 0.018221797 0.170650363 0.002349972 0.985160351
1341846441.482023 -0.377781600 -0.064622037 0.268849790 0.016951116 0.173950836 0.000273249 0.984608412
1341846441.514114 -0.396452725 -0.074811675 0.280668706 0.016329885 0.173357382 -0.000056218 0.984723628
1341846441.582260 -0.406741709 -0.068351097 0.266956717 0.020222880 0.169903710 0.004161322 0.985244393
1341846441.614425 -0.422052383 -0.078189209 0.275349200 0.018309519 0.173512906 0.002315935 0.984658718
1341846441.650563 -0.444100946 -0.087580167 0.285129339 0.020993140 0.174677014 0.001899344 0.984400153
1341846441.681977 -0.447602838 -0.073675133 0.279105663 0.025122926 0.174605042 0.003228737 0.984312713
1341846441.714170 -0.450543791 -0.063238367 0.276226252 0.022462497 0.178493664 0.001821004 0.983682990
1341846441.750023 -0.469107121 -0.065983526 0.284969002 0.017796876 0.183542758 0.001415430 0.982849598
1341846441.781910 -0.481099099 -0.068475984 0.287459761 0.014537851 0.186304435 0.004413518 0.982374609
1341846441.818076 -0.489427447 -0.065489814 0.290505379 0.012131290 0.188874349 0.004290345 0.981916964
1341846441.850011 -0.501439512 -0.066455714 0.293969840 0.008610867 0.192812353 0.001797718 0.981196225
1341846441.882149 -0.519682407 -0.065379046 0.302317470 0.004222798 0.196629152 0.002233130 0.980466306
1341846441.918074 -0.529086351 -0.066577360 0.305282176 -0.000899541 0.197324589 0.002322319 0.980335116
1341846441.950113 -0.540816247 -0.069229849 0.313745886 -0.006383648 0.199637040 0.002102705 0.979846895
1341846441.986157 -0.556084991 -0.075669073 0.327717334 -0.010161252 0.201160386 0.004287041 0.979496241
1341846442.018070 -0.563050449 -0.080494791 0.334896386 -0.011530385 0.200147003 0.008969103 0.979657054
1341846442.050044 -0.569152951 -0.080325961 0.336155921 -0.013167358 0.201708540 0.011930265 0.979284406
1341846442.086050 -0.581076562 -0.079227351 0.339645773 -0.016321562 0.204973638 0.014953980 0.978517175
1341846442.118273 -0.596700847 -0.091410741 0.363419890 -0.019784668 0.208497688 0.015998613 0.977691889
1341846442.150914 -0.609005928 -0.104944423 0.367293656 -0.017819574 0.208429083 0.017756611 0.977713943
1341846442.186309 -0.614331484 -0.103998899 0.371756107 -0.013952331 0.210760415 0.019274473 0.977248192
1341846442.254276 -0.637626648 -0.103959620 0.376999527 -0.013983176 0.219190940 0.014616407 0.975472331
1341846442.286112 -0.636018634 -0.094116248 0.352048427 -0.016606797 0.225079089 0.012876124 0.974113882
1341846442.318240 -0.669642210 -0.100273363 0.339671284 -0.026112251 0.237542585 0.010555719 0.970968723
1341846442.359932 -0.667884350 -0.101382032 0.400532812 -0.031389952 0.248265207 0.012529923 0.968102336
1341846442.417971 -0.682011366 -0.113160275 0.393087655 -0.038206730 0.261926174 0.015144807 0.964212418
1341846442.455016 -0.685195565 -0.098567151 0.425521314 -0.039595775 0.269956797 0.018216616 0.961885452
1341846442.486191 -0.693479657 -0.109798469 0.434546560 -0.042182773 0.274321765 0.023389263 0.960427582
1341846442.522074 -0.691754103 -0.107482567 0.434340894 -0.044191923 0.281065494 0.025552453 0.958329976
1341846442.553917 -0.693129599 -0.111332163 0.436076462 -0.052564524 0.293669730 0.028790440 0.954026341
1341846442.585989 -0.694769025 -0.109792784 0.430379868 -0.058289755 0.302778035 0.031145681 0.950766981
1341846442.627895 -0.707431197 -0.112668529 0.448007762 -0.061120909 0.314811498 0.032598503 0.946623087
1341846442.686166 -0.732506037 -0.116762653 0.480141819 -0.059458848 0.337783754 0.026322629 0.938974917
1341846442.721990 -0.743848562 -0.119523942 0.482278436 -0.056591999 0.346908063 0.023674812 0.935890853
1341846442.754276 -0.765618742 -0.122579351 0.487266660 -0.053972580 0.353435099 0.021981925 0.933641970
1341846442.790054 -0.773451209 -0.121464476 0.482552648 -0.053299464 0.355455577 0.020718018 0.932942331
1341846442.822072 -0.788752973 -0.119097315 0.478624910 -0.055949301 0.359740287 0.017260678 0.931213558
1341846442.854093 -0.795403898 -0.119898625 0.522982001 -0.058177456 0.363981187 0.018365368 0.929406166
1341846442.889944 -0.818032026 -0.127609879 0.548112392 -0.056948610 0.367411375 0.017379867 0.928150713
1341846442.922114 -0.820472121 -0.111709334 0.555108905 -0.055215757 0.368860066 0.016601216 0.927694976
1341846442.954040 -0.827785611 -0.121997282 0.578387439 -0.057091895 0.376179963 0.017109986 0.924627781
1341846442.989997 -0.824129760 -0.124608472 0.572286785 -0.052296303 0.373195440 0.025095914 0.925937653
1341846443.022264 -0.832811117 -0.118840076 0.568210602 -0.049087457 0.366505295 0.031006686 0.928602695
1341846443.058071 -0.819116712 -0.121086016 0.580197752 -0.049410082 0.366879106 0.032705147 0.928379714
1341846443.090123 -0.836897254 -0.125738740 0.597696424 -0.048305500 0.373082042 0.033244446 0.925943434
1341846443.122143 -0.856160045 -0.126220942 0.609328985 -0.045621801 0.372319311 0.039269451 0.926150620
1341846443.158076 -0.851194263 -0.121474206 0.624074101 -0.043140020 0.370206147 0.041487593 0.927019477
1341846443.190201 -0.860297322 -0.124862671 0.631962955 -0.042270388 0.373267531 0.041952614 0.925810218
1341846443.226121 -0.876444101 -0.121382676 0.628214121 -0.040158793 0.372667611 0.046544075 0.925926447
1341846443.257975 -0.876565576 -0.123086579 0.634385467 -0.040296420 0.369521171 0.048599984 0.927075207
1341846443.289997 -0.879789531 -0.126974210 0.640300870 -0.039510284 0.370681077 0.049908005 0.926576316
1341846443.326118 -0.884300470 -0.122029297 0.650160968 -0.037370302 0.372655123 0.051793426 0.925769508
1341846443.358067 -0.894833803 -0.124573439 0.659808218 -0.036587983 0.374005765 0.051776387 0.925256848
1341846443.390137 -0.895494401 -0.119085461 0.660177708 -0.034801811 0.374292284 0.052247357 0.925183475
1341846443.426198 -0.895894706 -0.114540033 0.656811655 -0.036860883 0.377878457 0.050986715 0.923715115
1341846443.458405 -0.907551765 -0.122687876 0.678650379 -0.039986514 0.383544087 0.050124791 0.921293974
1341846443.494173 -0.907904148 -0.118784182 0.687849820 -0.037981126 0.385971189 0.052205469 0.920249045
1341846443.558139 -0.916078687 -0.102653958 0.688883066 -0.044021577 0.396447062 0.054539450 0.915378273
1341846443.594027 -0.923248351 -0.112166926 0.712746739 -0.050171051 0.403898329 0.056239400 0.911694109
1341846443.626290 -0.932623506 -0.109905735 0.703167200 -0.052379254 0.409045368 0.058144670 0.909152091
1341846443.658166 -0.937615871 -0.100242540 0.705968440 -0.058273580 0.417070597 0.059853628 0.905027032
1341846443.694065 -0.948050737 -0.112348743 0.732403040 -0.063812539 0.425808340 0.061220907 0.900481641
1341846443.726282 -0.954643607 -0.106211782 0.754890501 -0.063837260 0.431525767 0.063736342 0.897578955
1341846443.770837 -0.961616755 -0.106136352 0.767341733 -0.063828796 0.434194833 0.066298820 0.896105647
1341846443.800403 -0.976190329 -0.096957371 0.769506276 -0.064136736 0.434492201 0.067139551 0.895876884
1341846443.831984 -0.977004170 -0.092651144 0.775708199 -0.069685675 0.433054537 0.068795063 0.896032870
1341846443.868057 -0.984406292 -0.098092154 0.799298108 -0.075982317 0.434627861 0.066699505 0.894917071
1341846443.900439 -0.986837149 -0.099277034 0.826865673 -0.077586487 0.434074163 0.066526979 0.895061016
1341846443.932086 -0.992827177 -0.104072794 0.837383866 -0.077207096 0.431624830 0.068212442 0.896150768
1341846443.993912 -1.008000135 -0.098723359 0.842944384 -0.073187277 0.432466090 0.067051820 0.896170020
1341846444.029924 -1.014481664 -0.093062438 0.857839048 -0.075727552 0.433600068 0.065713920 0.895509958
1341846444.061948 -1.016781211 -0.094130039 0.863282919 -0.079578348 0.432249337 0.064587399 0.895910859
1341846444.093984 -1.018837333 -0.092482209 0.875557005 -0.081904076 0.432333767 0.064247161 0.895684958
1341846444.129916 -1.020385504 -0.096961513 0.877745390 -0.083466746 0.432274997 0.064048499 0.895583332
1341846444.162326 -1.027318954 -0.090917118 0.881584883 -0.083086364 0.434754521 0.064096436 0.894414186
1341846444.198431 -1.032264471 -0.079427734 0.888314068 -0.083935961 0.434371352 0.066304043 0.894360125
1341846444.229953 -1.032190084 -0.079297774 0.895704746 -0.087556034 0.431770921 0.068804383 0.895083129
1341846444.261919 -1.027963877 -0.089169584 0.913431764 -0.088148989 0.430474222 0.071819440 0.895412624
1341846444.298029 -1.028622270 -0.072716378 0.910230935 -0.085097842 0.427030921 0.075123973 0.897083879
1341846444.335959 -1.035868883 -0.076405317 0.913731515 -0.093237206 0.423750907 0.074428789 0.897887766
1341846444.398189 -1.034431696 -0.078057744 0.917121887 -0.090320893 0.415654570 0.078745946 0.901594520
1341846444.429979 -1.034353018 -0.076681726 0.911008894 -0.092376158 0.411194801 0.078126669 0.903483152
1341846444.466022 -1.032253146 -0.080307052 0.913455129 -0.095309138 0.409461826 0.076547816 0.904100537
1341846444.498181 -1.031969070 -0.075273708 0.916335821 -0.093318187 0.406261176 0.077846996 0.905639827
1341846444.530364 -1.031732559 -0.079168886 0.911610305 -0.093507372 0.399764478 0.078265168 0.908470929
1341846444.566040 -1.026228666 -0.081733875 0.902225912 -0.094055384 0.396097451 0.076186344 0.910195649
1341846444.598132 -1.025683999 -0.083316155 0.894758046 -0.094265744 0.393523216 0.073692188 0.911494970
1341846444.630024 -1.023389816 -0.083300553 0.891213775 -0.092641227 0.389265090 0.073712513 0.913486123
1341846444.666108 -1.016151786 -0.087641418 0.875228047 -0.090902448 0.385213405 0.073678166 0.915379167
1341846444.697995 -1.009645343 -0.090557970 0.861738503 -0.088635243 0.385840267 0.072790317 0.915408492
1341846444.734205 -1.009339094 -0.095428206 0.855157197 -0.087726839 0.386276394 0.070167512 0.915516913
1341846444.766262 -1.001275063 -0.100548826 0.840259492 -0.083063312 0.384211212 0.070847690 0.916767657
1341846444.798037 -0.994362712 -0.094766326 0.818968534 -0.077320769 0.382844895 0.073498920 0.917632461
1341846444.833972 -0.995426893 -0.099158697 0.809374094 -0.078374989 0.383161008 0.070718579 0.917629540
1341846444.866116 -0.990053177 -0.104094706 0.798077226 -0.077505440 0.381288677 0.070885442 0.918469965
1341846444.898025 -0.975958288 -0.096979499 0.788676441 -0.074228227 0.377904087 0.071433380 0.920095623
1341846444.934155 -0.977802932 -0.094056323 0.764085293 -0.073981531 0.374691337 0.073383465 0.921275258
1341846444.972057 -0.968744814 -0.104346313 0.754749894 -0.077026106 0.371333838 0.073706985 0.922358692
1341846445.034071 -0.957696915 -0.098891929 0.723763168 -0.074807152 0.365040332 0.073220581 0.925088286
1341846445.065987 -0.949806571 -0.101121068 0.711609304 -0.077321202 0.361013681 0.072877899 0.926487684
1341846445.102399 -0.941210747 -0.109348208 0.702937186 -0.078166343 0.357572734 0.070501544 0.927933872
1341846445.134054 -0.932355464 -0.101628564 0.695844889 -0.075321190 0.352404714 0.068792351 0.930271685
1341846445.170198 -0.922352314 -0.101848885 0.675881386 -0.076243281 0.341822565 0.067304015 0.934245408
1341846445.202068 -0.910465121 -0.113199309 0.663444698 -0.075790547 0.335976541 0.061837509 0.936777294
1341846445.234202 -0.903459430 -0.104125686 0.644652903 -0.071916521 0.330312222 0.057536736 0.939367592
1341846445.270262 -0.894583344 -0.105413407 0.628397346 -0.072400525 0.320615172 0.052488413 0.942978859
1341846445.334212 -0.867568672 -0.109919518 0.596420169 -0.071584843 0.308309674 0.044275455 0.947555065
1341846445.370095 -0.855715871 -0.099271506 0.588041008 -0.069655366 0.301228762 0.043137133 0.950025618
1341846445.401934 -0.845828533 -0.101330698 0.572375536 -0.072090745 0.294257492 0.040189601 0.952155590
1341846445.437937 -0.833191514 -0.106451392 0.574707985 -0.072257385 0.291941911 0.039383184 0.952889204
1341846445.469984 -0.826450825 -0.112946697 0.576526761 -0.067513280 0.286307126 0.038907174 0.954964161
1341846445.502004 -0.807456315 -0.106450304 0.550362051 -0.061125644 0.274753541 0.036605585 0.958871365
1341846445.537946 -0.793560922 -0.100079201 0.534574032 -0.059399813 0.271189839 0.034133174 0.960084736
1341846445.570063 -0.782294273 -0.095501393 0.532033265 -0.059155129 0.267318070 0.030084915 0.961320281
1341846445.602021 -0.766109228 -0.100063026 0.509854436 -0.060822867 0.261885017 0.025808427 0.962834716
1341846445.638006 -0.751948714 -0.101796225 0.506460011 -0.059682928 0.260603249 0.026221951 0.963242650
1341846445.670085 -0.756561458 -0.109561443 0.485456854 -0.053314794 0.248574689 0.026062181 0.966793120
1341846445.706037 -0.753757596 -0.108566076 0.479850084 -0.048343785 0.236473292 0.027530981 0.970044017
1341846445.738075 -0.738900304 -0.100968711 0.470152140 -0.046242848 0.228214353 0.028889392 0.972082973
1341846445.770102 -0.705447078 -0.085422754 0.465951324 -0.045872543 0.216133133 0.028038308 0.974882603
1341846445.806006 -0.690002441 -0.085266098 0.461951315 -0.048495531 0.209524229 0.026577758 0.976238430
1341846445.838049 -0.675938964 -0.096548259 0.462685555 -0.048330713 0.203997657 0.024943253 0.977459490
1341846445.870081 -0.660403132 -0.094384514 0.459019512 -0.043007001 0.193895459 0.021248164 0.979848683
1341846445.906156 -0.648223698 -0.087652348 0.442380399 -0.041728362 0.185405999 0.017564973 0.981618524
1341846445.938036 -0.632467985 -0.080049954 0.432660580 -0.044184681 0.178812742 0.011675222 0.982821226
1341846445.974028 -0.617254078 -0.082098082 0.422609240 -0.050308976 0.172727168 0.003593282 0.983677566
1341846446.006089 -0.609330416 -0.093434587 0.426066577 -0.054831255 0.171339616 -0.003212394 0.983679831
1341846446.038148 -0.588347495 -0.105890758 0.410083354 -0.049294803 0.164626271 0.000911644 0.985123038
1341846446.073973 -0.580792725 -0.105142824 0.415926337 -0.038285926 0.156985283 0.005197709 0.986844897
1341846446.106021 -0.557598591 -0.089859538 0.404438049 -0.032868747 0.147685111 0.004743736 0.988476813
1341846446.138290 -0.548548579 -0.078192897 0.397771358 -0.033663336 0.144172221 0.004137042 0.988971233
1341846446.174003 -0.539699256 -0.091609053 0.399464458 -0.035561435 0.139129728 0.004609156 0.989624739
1341846446.206154 -0.517985702 -0.094091505 0.387849957 -0.030324835 0.130806461 0.008357696 0.990908802
1341846446.242005 -0.491354495 -0.068365023 0.368722111 -0.028068366 0.128665388 0.012264914 0.991214931
1341846446.273991 -0.506007314 -0.080208533 0.372115880 -0.035904452 0.129371285 0.011794643 0.990875840
1341846446.306170 -0.483807743 -0.080757134 0.374273062 -0.036307577 0.119337820 0.017142817 0.992041588
1341846446.342032 -0.465791613 -0.070169933 0.362810194 -0.035743676 0.115700781 0.023491967 0.992362797
1341846446.373966 -0.465271622 -0.062949657 0.360033751 -0.039206777 0.112294763 0.025666939 0.992569387
1341846446.410081 -0.449937969 -0.068037018 0.354997039 -0.042926781 0.104356177 0.026827928 0.993250966
1341846446.441987 -0.432744920 -0.062680602 0.346912533 -0.044728816 0.100485712 0.029000228 0.993509471
1341846446.474066 -0.442321539 -0.064233363 0.342750400 -0.047949173 0.098143496 0.026531480 0.993662298
1341846446.510038 -0.417649895 -0.060868803 0.334938467 -0.050142463 0.087757446 0.025353447 0.994555950
1341846446.542120 -0.393554270 -0.064868577 0.325183034 -0.052454364 0.083423689 0.022908520 0.994868994
1341846446.574035 -0.391406804 -0.065821290 0.325398147 -0.051963136 0.082663573 0.018432155 0.995051205
1341846446.610113 -0.377834141 -0.058517631 0.310508311 -0.051063076 0.077054441 0.016289514 0.995585203
1341846446.642107 -0.359514713 -0.045018468 0.299610913 -0.053085268 0.074802876 0.014199194 0.995683193
1341846446.678096 -0.358880162 -0.049684413 0.303826183 -0.057533365 0.072876908 0.009145129 0.995638132
1341846446.710293 -0.353669584 -0.039857458 0.290934026 -0.059031278 0.065912351 0.008726685 0.996039569
1341846446.742013 -0.328228325 -0.033832863 0.289234430 -0.064365283 0.061021786 0.011482663 0.995992780
1341846446.778116 -0.335113317 -0.039007403 0.291643828 -0.069591671 0.060146719 0.009758818 0.995712936
1341846446.810247 -0.327686965 -0.036411032 0.286857128 -0.071520559 0.051366750 0.007857460 0.996084690
1341846446.842072 -0.299389601 -0.031695496 0.274475098 -0.074049145 0.043681137 0.011752073 0.996228158
1341846446.877989 -0.292249084 -0.030740397 0.269604623 -0.078024529 0.041619912 0.012817910 0.995999873
1341846446.910210 -0.275870234 -0.034314983 0.265578210 -0.081744842 0.037495166 0.012829514 0.995865166
1341846446.979416 -0.250530332 -0.032658014 0.255780458 -0.087067083 0.033399168 0.013104273 0.995556235
1341846447.048442 -0.221472353 -0.037090477 0.245790243 -0.084755279 0.028714253 0.015044177 0.995874345
1341846447.110128 -0.201337382 -0.021914657 0.232860804 -0.088068269 0.028621793 0.013191313 0.995615840
1341846447.146292 -0.186513886 -0.025475707 0.227436274 -0.090598889 0.030467177 0.010979336 0.995360792
1341846447.179789 -0.179572448 -0.024421494 0.231782943 -0.090611748 0.033843905 0.009264290 0.995267928
1341846447.216160 -0.174097389 -0.022782324 0.228209391 -0.091114104 0.034560230 0.008701770 0.995202601
1341846447.252104 -0.159238130 -0.014168409 0.231860042 -0.092760578 0.037090134 0.008106243 0.994964421
1341846447.284847 -0.164912492 -0.017495958 0.233190686 -0.095718272 0.042110149 0.006609249 0.994495451
1341846447.320107 -0.165574223 -0.011066580 0.234126762 -0.095733963 0.042348895 0.008288773 0.994471192
1341846447.352050 -0.148679882 -0.011499872 0.227191418 -0.098308735 0.040996306 0.009289969 0.994267821
1341846447.383924 -0.143620953 -0.013488559 0.225982681 -0.102545008 0.044737849 0.007534206 0.993693292
1341846447.420069 -0.150074005 -0.012150805 0.231494978 -0.104821578 0.047776923 0.007447072 0.993314862
1341846447.452015 -0.152963698 -0.012610710 0.230376258 -0.106546536 0.047120616 0.011214548 0.993127286
1341846447.488160 -0.140031755 -0.011032591 0.223975524 -0.108109370 0.046057962 0.011623120 0.993003488
1341846447.520057 -0.149813145 -0.012992723 0.228501335 -0.111129887 0.048636425 0.010339228 0.992561281
1341846447.551976 -0.164614707 -0.021504516 0.225315735 -0.113335989 0.047395874 0.011818097 0.992355227
1341846447.588058 -0.155410245 -0.013685838 0.221610382 -0.112956688 0.042115748 0.014044275 0.992607653
1341846447.620036 -0.157138392 -0.010543021 0.214840397 -0.116486534 0.040717453 0.013617808 0.992263854
1341846447.656059 -0.154398352 -0.013470951 0.214314625 -0.123144835 0.039404199 0.012294748 0.991529882
1341846447.688035 -0.166627347 -0.025648016 0.218958810 -0.127634242 0.040472869 0.014072449 0.990895331
1341846447.719948 -0.172729403 -0.028130909 0.215039402 -0.127859071 0.038345389 0.017819421 0.990890622
1341846447.756116 -0.163464800 -0.016545078 0.213564083 -0.126898035 0.034757979 0.021543603 0.991072476
1341846447.787990 -0.160365239 -0.017513672 0.205134735 -0.129772171 0.035680857 0.023585349 0.990620971
1341846447.823997 -0.164812610 -0.025275832 0.205337435 -0.133739099 0.037862193 0.024207406 0.989997149
1341846447.856048 -0.162631869 -0.033860113 0.205796868 -0.135276064 0.038050201 0.025068954 0.989759684
1341846447.888261 -0.153382212 -0.025517343 0.200874031 -0.132929727 0.039171182 0.024706285 0.990042925
1341846447.924141 -0.157345831 -0.032940187 0.199749365 -0.134463221 0.043060850 0.023493716 0.989703774
1341846447.956316 -0.167998031 -0.042679992 0.198750362 -0.135492519 0.045465615 0.023454947 0.989456713
1341846447.992036 -0.167136297 -0.041506447 0.195592612 -0.134040520 0.044124555 0.024749225 0.989683628
1341846448.024057 -0.145244598 -0.030076213 0.183255374 -0.134424075 0.040774304 0.024206802 0.989788711
1341846448.092100 -0.156115964 -0.046526603 0.188001662 -0.145704627 0.042697109 0.016973482 0.988260627
1341846448.150222 -0.157112807 -0.056306310 0.185509697 -0.154136196 0.043286290 0.014993067 0.986987114
1341846448.186133 -0.161947548 -0.081791244 0.189198330 -0.157630280 0.043869730 0.013441421 0.986431718
1341846448.218203 -0.162056029 -0.090554580 0.185181096 -0.153176159 0.042254847 0.014306777 0.987191498
1341846448.250175 -0.156957880 -0.087862067 0.182847708 -0.147365838 0.039188951 0.013832970 0.988208592
1341846448.286053 -0.153773263 -0.072327621 0.177779406 -0.142429113 0.039428663 0.013038829 0.988933444
1341846448.318080 -0.162358403 -0.070766635 0.175687090 -0.141751140 0.041723829 0.013251245 0.988933861
1341846448.350345 -0.159671411 -0.086670302 0.174508661 -0.144041240 0.038723223 0.015374243 0.988694310
1341846448.385982 -0.156783253 -0.077587187 0.167803898 -0.143174097 0.036605090 0.015849415 0.988893390
1341846448.417971 -0.161362976 -0.070090465 0.160636306 -0.146723360 0.037808049 0.015229573 0.988337517
1341846448.454017 -0.166313648 -0.071567893 0.166242123 -0.152396426 0.038029935 0.014919643 0.987474799
1341846448.486068 -0.163949758 -0.093146414 0.171257228 -0.159050897 0.035187803 0.013974567 0.986544132
1341846448.518032 -0.156522244 -0.086547531 0.167278469 -0.158305928 0.034096316 0.013540783 0.986708403
1341846448.553970 -0.168612614 -0.090632543 0.167039216 -0.161522925 0.036978383 0.013177813 0.986087918
1341846448.586105 -0.166323289 -0.111857161 0.170754775 -0.165701047 0.033567265 0.012849413 0.985520840
1341846448.621936 -0.162200391 -0.105690911 0.167410687 -0.161248177 0.031360306 0.012009814 0.986342430
1341846448.653943 -0.159811348 -0.102093421 0.165269434 -0.159546912 0.032300211 0.009419659 0.986616850
1341846448.686150 -0.165342748 -0.101686656 0.160196066 -0.162085995 0.033552960 0.008876624 0.986166060
1341846448.722086 -0.159423918 -0.100291669 0.155613601 -0.166476503 0.032202534 0.008823934 0.985479951
1341846448.753983 -0.141075447 -0.069527872 0.153582320 -0.167644560 0.031963266 0.008341654 0.985293984
1341846448.786053 -0.160077319 -0.078594252 0.159738585 -0.177674398 0.038295221 0.004306979 0.983334482
1341846448.822019 -0.167606845 -0.123385489 0.168378949 -0.188000619 0.037357479 0.005390627 0.981443405
1341846448.854125 -0.154918894 -0.114828274 0.174150303 -0.181605697 0.031684805 0.008344780 0.982825458
1341846448.890063 -0.145309553 -0.090591729 0.164449021 -0.175387204 0.030193293 0.007874583 0.984004915
1341846448.922419 -0.144655377 -0.075918786 0.150436327 -0.178624511 0.031186780 0.004483936 0.983412743
1341846448.954059 -0.155443951 -0.126865312 0.144012451 -0.199898705 0.035363436 0.000256120 0.979178190
1341846448.990056 -0.162781686 -0.145136133 0.150081128 -0.214990065 0.039362490 -0.001863585 0.975820899
1341846449.022043 -0.161702305 -0.126279011 0.150783330 -0.219073772 0.041378882 -0.003783782 0.974823177
1341846449.054021 -0.146124691 -0.155354470 0.159495220 -0.226943746 0.039078552 -0.002221588 0.973120987
1341846449.090060 -0.141372040 -0.182083696 0.173192933 -0.229416683 0.038692612 -0.002880760 0.972554684
1341846449.121998 -0.145110264 -0.183946818 0.174034372 -0.223775387 0.038824428 -0.004119934 0.973858476
1341846449.158114 -0.147705033 -0.177521199 0.164205745 -0.217687070 0.038984690 -0.005188042 0.975225985
1341846449.190066 -0.132224113 -0.183836460 0.157216161 -0.218456894 0.038328886 -0.006561070 0.975071549
1341846449.222044 -0.146262363 -0.179522797 0.160649702 -0.219705135 0.044415314 -0.007118898 0.974528790
1341846449.258032 -0.149013847 -0.188049003 0.168583199 -0.222417593 0.045044169 -0.002758302 0.973906517
1341846449.290278 -0.136344999 -0.189172208 0.163141847 -0.220719233 0.041795976 0.002547463 0.974438131
1341846449.321912 -0.144627467 -0.191112041 0.160018191 -0.220615298 0.045067739 0.004439615 0.974309087
1341846449.357984 -0.135417596 -0.183077082 0.156049758 -0.221899405 0.045579877 0.007039972 0.973978221
1341846449.390027 -0.122268334 -0.269530416 0.195822105 -0.239610866 0.046754099 0.011378188 0.969675839
1341846449.426101 -0.120545812 -0.267383695 0.199446663 -0.231090695 0.049348082 0.017703874 0.971518695
1341846449.458035 -0.109091885 -0.275070488 0.191200197 -0.228939086 0.047616318 0.016657975 0.972132802
1341846449.490185 -0.136058286 -0.248390570 0.195299059 -0.225720331 0.054420400 0.013820748 0.972572744
1341846449.525989 -0.126743719 -0.256320179 0.204040289 -0.228297725 0.055472225 0.015742740 0.971882343
1341846449.558288 -0.139402643 -0.261236489 0.210396409 -0.226557255 0.056898672 0.016364111 0.972196758
1341846449.594265 -0.118392318 -0.292572916 0.234263122 -0.226661220 0.051688787 0.017109564 0.972450674
1341846449.626133 -0.124281898 -0.296169132 0.235832289 -0.222019985 0.052779470 0.014320590 0.973507345
1341846449.658161 -0.121437460 -0.302379608 0.238574728 -0.224158064 0.052480221 0.012163873 0.973062754
1341846449.694129 -0.111418091 -0.282026350 0.240535468 -0.224320754 0.052330665 0.010720639 0.973050296
1341846449.725937 -0.130959094 -0.291624457 0.250276387 -0.228329360 0.057963960 0.010952521 0.971795261
1341846449.757969 -0.162728623 -0.295449793 0.263723731 -0.233198002 0.063038185 0.013295474 0.970292807
1341846449.794073 -0.139369801 -0.308230102 0.281624943 -0.240401149 0.058345616 0.013464654 0.968824923
1341846449.826150 -0.150011376 -0.328385442 0.302282602 -0.244108871 0.062044960 0.012186649 0.967684209
1341846449.861992 -0.148125738 -0.346889526 0.311034620 -0.245004445 0.059376564 0.010699929 0.967642903
1341846449.894052 -0.146145105 -0.343078941 0.325865000 -0.242944181 0.055785574 0.008876272 0.968394220
1341846449.925963 -0.138000771 -0.342922449 0.338974953 -0.237541512 0.057307646 0.009988197 0.969634056
1341846449.962133 -0.127554998 -0.355150014 0.341704667 -0.237051919 0.059111241 0.007544394 0.969667673
1341846449.994047 -0.128757283 -0.366573423 0.354414970 -0.239239082 0.061057169 0.004946460 0.969026446
1341846450.026443 -0.129913762 -0.385594875 0.373694271 -0.242128313 0.061893564 0.004285797 0.968258679
1341846450.062040 -0.122233748 -0.389190793 0.383141696 -0.240954310 0.060532637 0.002191463 0.968644500
1341846450.094160 -0.128821209 -0.389644384 0.386235803 -0.241347268 0.062504746 -0.001144986 0.968423128
1341846450.130133 -0.138841435 -0.395059198 0.396685481 -0.244294077 0.064592957 -0.004678639 0.967536211
1341846450.161911 -0.137542933 -0.407261074 0.409522980 -0.248130664 0.064810790 -0.004325286 0.966546476
1341846450.194126 -0.145006835 -0.408301294 0.416653067 -0.250168592 0.066938654 -0.004592416 0.965874612
1341846450.230042 -0.143179834 -0.409962952 0.427803993 -0.254334807 0.066023193 -0.005072577 0.964846671
1341846450.262009 -0.160102174 -0.431954741 0.445829034 -0.261430830 0.066479541 -0.005810604 0.962912619
1341846450.294220 -0.163911745 -0.435826361 0.460788637 -0.260427922 0.063834324 -0.006281949 0.963360310
1341846450.330052 -0.140425906 -0.440514922 0.465058446 -0.259359151 0.055118058 -0.008503713 0.964169383
1341846450.361929 -0.135316938 -0.444076836 0.473723739 -0.259733617 0.052470554 -0.013023746 0.964165807
1341846450.398035 -0.138919801 -0.462590128 0.488705158 -0.263458729 0.054277953 -0.012690328 0.963058949
1341846450.429941 -0.146568626 -0.466937721 0.499766290 -0.264490932 0.053448591 -0.011499427 0.962837279
1341846450.461928 -0.125507593 -0.476907730 0.513198078 -0.266585469 0.045335218 -0.015152326 0.962625265
1341846450.498062 -0.128627390 -0.482884049 0.523126423 -0.267387450 0.043935653 -0.021786561 0.962340355
1341846450.529969 -0.137735128 -0.491448462 0.532146454 -0.269326836 0.043744016 -0.026785446 0.961681902
1341846450.561983 -0.143132210 -0.481345087 0.540875614 -0.269171327 0.042517658 -0.028890096 0.961719573
1341846450.598097 -0.138272509 -0.494004369 0.553929627 -0.272702247 0.039789505 -0.028680582 0.960847378
1341846450.630436 -0.147405609 -0.487186611 0.559813559 -0.272125512 0.038688682 -0.027733786 0.961083651
1341846450.666178 -0.145927668 -0.542970300 0.591388524 -0.286178708 0.032981969 -0.023740960 0.957314134
1341846450.698174 -0.145951927 -0.550797999 0.604510427 -0.289669544 0.027395247 -0.016876746 0.956585765
1341846450.730214 -0.134784505 -0.547921181 0.605413198 -0.290404350 0.019184886 -0.013459991 0.956616998
1341846450.765977 -0.128395885 -0.542924166 0.610095441 -0.291697860 0.011461792 -0.016853159 0.956293404
1341846450.798042 -0.132311955 -0.539470196 0.617705703 -0.291703522 0.008463607 -0.023875546 0.956173360
1341846450.834020 -0.130931497 -0.554779172 0.627174258 -0.295519561 0.007286969 -0.027932981 0.954900503
1341846450.866022 -0.129457206 -0.551237822 0.630352199 -0.297657192 0.006320001 -0.034665894 0.954022348
1341846450.898067 -0.139515832 -0.547065675 0.639661849 -0.302234173 0.008013091 -0.039799098 0.952368855
1341846450.934091 -0.134931341 -0.579757571 0.666051447 -0.311681658 0.003763913 -0.038539749 0.949397206
1341846450.966100 -0.145495296 -0.575083494 0.663623035 -0.308195442 0.001347205 -0.038026374 0.950561881
1341846450.998096 -0.138191253 -0.572041392 0.661481321 -0.308718503 -0.004138255 -0.042905919 0.950176299
1341846451.034057 -0.134997472 -0.555643797 0.656309485 -0.309616357 -0.005866249 -0.048179198 0.949622154
1341846451.068370 -0.145490348 -0.553070664 0.664887071 -0.313759267 -0.003468796 -0.052428901 0.948047638
1341846451.102153 -0.149475396 -0.565781951 0.676324606 -0.318183213 -0.005371816 -0.052195948 0.946576059
1341846451.133979 -0.138164639 -0.563993335 0.679260552 -0.319303781 -0.010139862 -0.054826628 0.946010768
1341846451.165987 -0.141793400 -0.567838192 0.687607467 -0.322483689 -0.009693832 -0.056599457 0.944831610
1341846451.202275 -0.146994635 -0.557332635 0.679556787 -0.319845557 -0.009917766 -0.055402491 0.945796490
1341846451.234790 -0.144341812 -0.560145617 0.682628751 -0.323899180 -0.011119237 -0.052738801 0.944555163
1341846451.302134 -0.144015327 -0.552880526 0.699751019 -0.317429990 -0.016894206 -0.051604006 0.946725845
1341846451.334095 -0.144112632 -0.556671977 0.684391856 -0.314665914 -0.014305921 -0.054762799 0.947513461
1341846451.370064 -0.142104983 -0.555815458 0.683887303 -0.315590411 -0.012257012 -0.054614257 0.947243273
1341846451.402007 -0.156148866 -0.561935782 0.686929584 -0.314478606 -0.008983970 -0.053780403 0.947697341
1341846451.434004 -0.141089544 -0.554587126 0.676477194 -0.306456923 -0.009269388 -0.052481934 0.950391412
1341846451.470107 -0.139884904 -0.553475499 0.673087060 -0.302512139 -0.005998283 -0.052308202 0.951690257
1341846451.502266 -0.134192884 -0.540649712 0.662320733 -0.297021866 -0.002361720 -0.051624481 0.953471184
1341846451.534027 -0.135386273 -0.550185025 0.659528255 -0.297226459 0.003227866 -0.051561359 0.953408360
1341846451.570038 -0.139886320 -0.555812538 0.648366213 -0.296584398 0.008363327 -0.052746780 0.953512311
1341846451.601887 -0.138023958 -0.552433848 0.635123134 -0.294814110 0.012043143 -0.053293861 0.953991294
1341846451.637996 -0.140664756 -0.537483335 0.624902189 -0.292144209 0.016280903 -0.053141072 0.954757988
1341846451.669951 -0.139790758 -0.542514503 0.619574428 -0.291218489 0.019644707 -0.051875431 0.955047071
1341846451.702077 -0.138583943 -0.537509024 0.607533157 -0.287340015 0.023020219 -0.051396798 0.956171632
1341846451.737995 -0.149100468 -0.532814026 0.594133854 -0.284652084 0.025974771 -0.053249922 0.956798315
1341846451.770041 -0.127932608 -0.525611103 0.578934371 -0.281825304 0.023871820 -0.053474132 0.957677007
1341846451.806071 -0.122443676 -0.526007473 0.570163488 -0.281721473 0.026618369 -0.055420723 0.957524478
1341846451.838004 -0.141078651 -0.540070295 0.557801127 -0.286362946 0.031165915 -0.056136545 0.955967426
1341846451.870027 -0.143980950 -0.504372060 0.541010022 -0.283025950 0.030512873 -0.057823449 0.956881285
1341846451.905961 -0.130209580 -0.495553553 0.527579427 -0.281518698 0.030413408 -0.055487525 0.957467198
1341846451.937970 -0.143935978 -0.505664825 0.519212544 -0.282251447 0.034173410 -0.054035675 0.957207680
1341846451.970138 -0.146425471 -0.499498218 0.511857688 -0.277353585 0.031181576 -0.055594739 0.958651125
1341846452.006080 -0.156132758 -0.496864676 0.499593973 -0.268996239 0.029337771 -0.060184568 0.960811257
1341846452.037935 -0.163028374 -0.505020618 0.489733458 -0.265602946 0.026182322 -0.058284454 0.961962879
1341846452.073949 -0.166200221 -0.494420379 0.476791710 -0.259734184 0.021620063 -0.053109068 0.963976264
1341846452.105977 -0.158488721 -0.473098099 0.459035277 -0.252942026 0.017003438 -0.052132957 0.965926170
1341846452.138008 -0.155497000 -0.472043991 0.454251975 -0.251447678 0.015840078 -0.050522126 0.966421664
1341846452.174074 -0.156103984 -0.508099794 0.455873072 -0.254895806 0.014142949 -0.047007423 0.965721726
1341846452.206235 -0.183129370 -0.472210199 0.430090278 -0.237634793 0.015293250 -0.042867497 0.970287740
1341846452.238073 -0.165743679 -0.440496594 0.409114540 -0.223960280 0.009716980 -0.041779753 0.973653913
1341846452.274106 -0.163457632 -0.417306185 0.391309917 -0.215034336 0.009715690 -0.042093467 0.975650549
1341846452.306097 -0.176700205 -0.456860214 0.393645614 -0.217508644 0.013445737 -0.037695747 0.975237548
1341846452.342082 -0.177290201 -0.409227610 0.367189765 -0.202210709 0.013437833 -0.034080591 0.978656590
1341846452.374034 -0.165730506 -0.388384193 0.349909842 -0.198629186 0.012893000 -0.032760575 0.979442239
1341846452.406041 -0.167879120 -0.396370083 0.354709327 -0.200910345 0.016670473 -0.030490488 0.978993118
1341846452.442053 -0.172618806 -0.413590312 0.349244922 -0.201086864 0.016627716 -0.024063971 0.979136646
1341846452.474108 -0.192957446 -0.387367785 0.327470213 -0.191348106 0.014951145 -0.017198315 0.981257737
1341846452.506073 -0.175034940 -0.355400831 0.315143168 -0.184779614 0.010615116 -0.017079318 0.982574284
1341846452.542118 -0.176564097 -0.355943233 0.312624216 -0.186634138 0.012754933 -0.016664933 0.982205331
1341846452.574108 -0.179253757 -0.438433528 0.331179976 -0.200667456 0.011230139 -0.015361913 0.979474604
1341846452.610038 -0.173120499 -0.419861346 0.315508425 -0.191303819 0.007337364 -0.014560864 0.981395483
1341846452.642126 -0.168571457 -0.396398544 0.300432175 -0.183633626 0.006624141 -0.015591448 0.982848823
1341846452.674053 -0.171271458 -0.386607289 0.289955318 -0.182125881 0.008676408 -0.014670744 0.983127534
1341846452.709891 -0.198411211 -0.326576293 0.279727966 -0.172406808 0.014656836 -0.012258789 0.984840512
1341846452.742117 -0.198414564 -0.319589674 0.281461358 -0.171361938 0.016032070 -0.012763960 0.984995008
1341846452.774020 -0.202786565 -0.306997716 0.275012016 -0.168118358 0.019807110 -0.013653683 0.985473275
1341846452.810050 -0.215336576 -0.310835153 0.272448003 -0.168210983 0.024081256 -0.013743570 0.985361040
1341846452.842060 -0.214122668 -0.295016974 0.255175352 -0.164398506 0.025218641 -0.012543496 0.985991836
1341846452.910212 -0.219297424 -0.280398726 0.248807237 -0.160759687 0.030037172 -0.012054627 0.986462772
1341846452.942284 -0.229710639 -0.283056080 0.250633746 -0.158611387 0.030734528 -0.012312955 0.986785829
1341846452.978269 -0.227684751 -0.279145092 0.240355119 -0.153854653 0.030558415 -0.011726291 0.987551212
1341846453.010078 -0.218757361 -0.260828018 0.225105897 -0.151502877 0.031844243 -0.013942371 0.987845421
1341846453.046005 -0.236817122 -0.259722620 0.229307964 -0.155281812 0.037245866 -0.016513150 0.987029731
1341846453.078276 -0.245964304 -0.266341448 0.236314178 -0.156970903 0.037383012 -0.017607618 0.986738384
1341846453.111410 -0.244517282 -0.264343351 0.239426628 -0.153431430 0.036211208 -0.018985430 0.987313092
1341846453.152099 -0.252793044 -0.240603909 0.233074114 -0.145728260 0.039756704 -0.021265296 0.988296747
1341846453.210744 -0.269264221 -0.245207846 0.237270743 -0.139773548 0.042395242 -0.027815878 0.988884389
1341846453.246368 -0.265069008 -0.227217883 0.242685542 -0.131103367 0.039804526 -0.031038977 0.990082860
1341846453.281016 -0.264302522 -0.216914162 0.236290082 -0.124537252 0.039622962 -0.034050159 0.990838587
1341846453.346478 -0.282974988 -0.211692020 0.239158690 -0.111880243 0.043211740 -0.040776283 0.991944015
1341846453.413993 -0.275414348 -0.193696961 0.237683147 -0.096000828 0.043512873 -0.049401075 0.993201911
1341846453.447282 -0.288788617 -0.190308437 0.237935200 -0.085982710 0.045731887 -0.055319201 0.993707895
1341846453.489022 -0.292916864 -0.185666159 0.242286146 -0.072077222 0.042784270 -0.053376980 0.995050371
1341846453.520074 -0.287780166 -0.171439856 0.234480500 -0.057696104 0.041117653 -0.051469430 0.996158302
1341846453.552202 -0.288500518 -0.154422402 0.231910691 -0.045396812 0.041890152 -0.046650264 0.996999562
1341846453.588242 -0.289631873 -0.135951117 0.230848879 -0.037182868 0.041489821 -0.041250929 0.997594357
1341846453.619879 -0.284300923 -0.115992434 0.230321839 -0.033619996 0.041386046 -0.040727872 0.997746527
1341846453.656024 -0.294039965 -0.119967349 0.228663489 -0.033506408 0.043249976 -0.045332994 0.997472644
1341846453.687999 -0.293546140 -0.110363327 0.225558281 -0.028111082 0.044947229 -0.047354244 0.997470379
1341846453.720025 -0.294692218 -0.098882511 0.230118230 -0.021623751 0.046536967 -0.047621101 0.997546494
1341846453.756055 -0.300404817 -0.086546153 0.230218351 -0.015265511 0.047657475 -0.046947852 0.997643113
1341846453.787935 -0.301569194 -0.071575910 0.232518375 -0.009124693 0.046940699 -0.045191411 0.997833192
1341846453.824011 -0.299386621 -0.054346718 0.231821522 -0.006108339 0.046921376 -0.042298533 0.997983932
1341846453.855942 -0.301567495 -0.040376324 0.221425712 -0.006167278 0.048279632 -0.042340312 0.997916996
1341846453.888038 -0.302167892 -0.039548408 0.223005980 -0.006005120 0.048382040 -0.041666392 0.997941434
1341846453.924065 -0.302346766 -0.033922736 0.221835896 -0.003530608 0.048204709 -0.040937182 0.997992039
1341846453.955921 -0.305366725 -0.031767108 0.221363321 -0.000463384 0.048470572 -0.041962452 0.997942686
1341846453.987940 -0.309986472 -0.025228564 0.234761819 0.007887672 0.047560632 -0.044023108 0.997866631
1341846454.024255 -0.307598203 -0.005316101 0.230050907 0.017462861 0.046579204 -0.046664990 0.997671187
1341846454.056313 -0.314996243 0.007960288 0.225757644 0.020501403 0.047153600 -0.049629930 0.997443259
1341846454.088076 -0.314081907 0.016392732 0.229874745 0.020024508 0.045383714 -0.051076479 0.997462034
1341846454.124105 -0.319620430 0.023839632 0.229759067 0.019855894 0.044637196 -0.050603844 0.997523189
1341846454.156054 -0.316410869 0.035997555 0.231216311 0.019517431 0.043213617 -0.049625110 0.997641742
1341846454.191955 -0.316422641 0.040968318 0.230084613 0.016878000 0.043006085 -0.050029937 0.997678697
1341846454.224008 -0.320780635 0.045745302 0.240838170 0.015755074 0.042578645 -0.052283488 0.997599781
1341846454.256124 -0.319716454 0.050745569 0.240577102 0.016176291 0.042220678 -0.052254405 0.997609794
1341846454.291937 -0.319144547 0.055978999 0.240465745 0.016253704 0.043315984 -0.052782480 0.997533798
1341846454.323981 -0.324504703 0.069005258 0.244990945 0.017771285 0.044045467 -0.053779777 0.997422695
1341846454.355934 -0.320279121 0.073067419 0.243298963 0.017257677 0.041825369 -0.049888827 0.997729421
1341846454.392062 -0.314086437 0.077785343 0.241741270 0.016888829 0.040977247 -0.047477264 0.997888565
1341846454.423951 -0.317128360 0.080652378 0.247425377 0.017763140 0.042472303 -0.047624849 0.997803867
1341846454.456041 -0.325574309 0.091025651 0.249701932 0.021528764 0.042049304 -0.044499245 0.997891903
1341846454.492065 -0.318219572 0.101194352 0.251240671 0.025615556 0.040421870 -0.041988213 0.997971475
1341846454.524037 -0.323260695 0.109671563 0.251450151 0.028755952 0.042787522 -0.044602141 0.997673810
1341846454.555946 -0.330417901 0.116272695 0.260603637 0.031960230 0.042023633 -0.043525927 0.997656286
1341846454.591893 -0.328035980 0.122557789 0.257259935 0.036170565 0.038749486 -0.039968543 0.997793913
1341846454.624115 -0.327897787 0.127362579 0.257261813 0.039426249 0.037473585 -0.038109504 0.997792065
1341846454.659990 -0.330771685 0.129939258 0.264696091 0.042849936 0.036552768 -0.037289172 0.997716069
1341846454.691970 -0.332204819 0.138554990 0.270750761 0.050059564 0.033627834 -0.033429112 0.997620106
1341846454.723925 -0.325931221 0.150554925 0.269004554 0.055022102 0.031660710 -0.032049123 0.997468293
1341846454.759924 -0.331283331 0.166850060 0.282443464 0.059156805 0.032067575 -0.035142895 0.997114420
1341846454.792135 -0.333603114 0.169807687 0.286787957 0.061917897 0.032791082 -0.036704764 0.996867001
1341846454.823976 -0.327679694 0.165120289 0.289303422 0.067246780 0.032168444 -0.031728480 0.996712804
1341846454.859970 -0.331004471 0.184705809 0.291835546 0.078127109 0.032730456 -0.027337963 0.996030927
1341846454.892266 -0.328197151 0.203181490 0.295224369 0.083533958 0.032188065 -0.026357364 0.995636165
1341846454.959988 -0.323419094 0.219333291 0.294163793 0.087092429 0.035518885 -0.022891687 0.995303690
1341846455.022227 -0.315509290 0.246466860 0.282191932 0.095614471 0.037104797 -0.015544583 0.994605243
1341846455.054099 -0.319603562 0.258409321 0.278683901 0.095842630 0.042448338 -0.015184859 0.994375050
1341846455.090050 -0.325840831 0.269301713 0.286074936 0.097357057 0.045001585 -0.012002814 0.994159162
1341846455.122055 -0.324058920 0.279439330 0.290761381 0.101035029 0.044003662 -0.007248173 0.993882895
1341846455.153946 -0.310727447 0.292362601 0.284171343 0.104714662 0.043672651 -0.006942563 0.993518710
1341846455.190190 -0.316904366 0.300284356 0.292592049 0.107246704 0.046404455 -0.004382367 0.993139267
1341846455.222061 -0.321502566 0.314459503 0.291115463 0.110684231 0.044813819 -0.001467578 0.992843747
1341846455.258176 -0.315563619 0.325271398 0.291536033 0.111884192 0.042291056 0.001814208 0.992819250
1341846455.289996 -0.314626068 0.330837965 0.287380159 0.110314637 0.042253643 0.001268998 0.992997348
1341846455.322654 -0.310481548 0.347203791 0.296089083 0.110747375 0.039601713 0.001578817 0.993058026
1341846455.358098 -0.322771728 0.357721388 0.304745585 0.112791955 0.036528885 0.004454557 0.992936969
1341846455.390002 -0.309415728 0.372743636 0.293803811 0.113429040 0.029799454 0.005874321 0.993081748
1341846455.422100 -0.307701588 0.393927366 0.302476883 0.112159766 0.031296607 0.000781955 0.993196905
1341846455.458125 -0.310819983 0.387948185 0.301320344 0.108528405 0.030930836 0.001563615 0.993610799
1341846455.490042 -0.313103795 0.393693089 0.326268137 0.111825198 0.026149379 0.007330688 0.993356764
1341846455.525978 -0.310820878 0.413300335 0.303340495 0.115137115 0.023981877 0.007542721 0.993031442
1341846455.558173 -0.311269999 0.426246136 0.319391102 0.114258252 0.025542939 0.006394392 0.993102074
1341846455.590092 -0.314204484 0.430547029 0.332047909 0.114873432 0.023582337 0.007388341 0.993072748
1341846455.625973 -0.311837852 0.437921762 0.328671247 0.116566502 0.020321047 0.008155674 0.992941558
1341846455.658077 -0.311477959 0.453769147 0.340868801 0.119080491 0.019843999 0.005628095 0.992670357
1341846455.690122 -0.310153157 0.458722681 0.344123006 0.119790986 0.018960681 0.003375344 0.992612302
1341846455.726004 -0.310324609 0.464165688 0.359501779 0.124371164 0.017156370 0.003005368 0.992082894
1341846455.758157 -0.309227049 0.478850335 0.357590437 0.132533938 0.015585170 0.000612945 0.991055787
1341846455.826431 -0.307770669 0.494247347 0.367768973 0.142730772 0.014745779 -0.000670361 0.989651501
1341846455.858084 -0.307559907 0.513409436 0.367969543 0.154139757 0.013930980 0.000089813 0.987950861
1341846455.893948 -0.298629761 0.514049232 0.366165757 0.161453068 0.014190104 0.000945877 0.986777961
1341846455.926012 -0.303639531 0.516599894 0.373582929 0.166749492 0.017540380 -0.000149470 0.985843301
1341846455.958115 -0.301867187 0.526630282 0.389762551 0.174187377 0.015859012 0.002159897 0.984582424
1341846455.994972 -0.296916723 0.540984690 0.378843039 0.181007847 0.015440691 0.000211564 0.983360410
1341846456.026027 -0.296676397 0.548610628 0.391060650 0.185195416 0.016833887 -0.002427274 0.982554555
1341846456.061926 -0.297439575 0.551879764 0.397618353 0.189357504 0.016519975 -0.003133917 0.981764257
1341846456.093945 -0.298179924 0.564657986 0.391957730 0.194716990 0.016117455 -0.006463694 0.980705738
1341846456.126153 -0.294673324 0.581613660 0.399498671 0.198709220 0.016665066 -0.010674763 0.979858696
1341846456.162325 -0.294047236 0.586224556 0.403517187 0.199593976 0.017718304 -0.015662353 0.979593277
1341846456.194021 -0.293262631 0.587036133 0.406339884 0.205197453 0.018091863 -0.017225422 0.978401780
1341846456.229852 -0.292893291 0.600510478 0.409656614 0.212018877 0.018806661 -0.017991660 0.976918995
1341846456.262012 -0.296922565 0.610655785 0.403996974 0.214260787 0.021326594 -0.020895056 0.976320088
1341846456.293900 -0.290549546 0.624323964 0.415098518 0.216737881 0.021553839 -0.022473751 0.975733101
1341846456.330221 -0.290968448 0.622935236 0.412204862 0.219417959 0.022069929 -0.021930423 0.975134730
1341846456.362093 -0.291202307 0.637274027 0.415613741 0.224171072 0.021687893 -0.022810444 0.974041462
1341846456.394095 -0.302362084 0.657799542 0.402567923 0.224513918 0.022022516 -0.025379822 0.973891377
1341846456.429930 -0.297952414 0.658190489 0.412337631 0.222725242 0.020800328 -0.028605007 0.974239528
1341846456.462149 -0.300927103 0.667360365 0.413636684 0.222919494 0.020260790 -0.030859325 0.974137604
1341846456.498080 -0.303201973 0.676908135 0.422180563 0.223764822 0.017762244 -0.029377038 0.974038422
1341846456.529977 -0.300524682 0.686785817 0.424482614 0.225068018 0.017061492 -0.028864946 0.973765969
1341846456.562074 -0.305939406 0.703127384 0.419610023 0.225934029 0.018941773 -0.029139603 0.973522425
1341846456.598113 -0.315657973 0.709822118 0.427682757 0.226609692 0.016936431 -0.025082964 0.973515332
1341846456.629868 -0.317794472 0.722424865 0.421148777 0.228519216 0.011828465 -0.021607926 0.973227739
1341846456.662113 -0.314149141 0.735562205 0.423194379 0.227911860 0.011658113 -0.024232971 0.973310351
1341846456.697989 -0.320018798 0.736614645 0.418645173 0.225890458 0.012036947 -0.025550229 0.973743200
1341846456.730098 -0.323036969 0.748293281 0.422249615 0.226901561 0.009473342 -0.025839780 0.973528743
1341846456.766110 -0.314807385 0.757249236 0.436518192 0.227603704 0.008025802 -0.027101997 0.973343551
1341846456.798062 -0.314720631 0.765022039 0.428351313 0.226806849 0.009271195 -0.029881135 0.973437130
1341846456.830204 -0.314262539 0.773103058 0.432631195 0.227969468 0.008215648 -0.030146601 0.973166823
1341846456.866247 -0.321043044 0.779747427 0.424093574 0.229970440 0.007331309 -0.029466666 0.972723782
1341846456.898128 -0.315629125 0.786472201 0.421434343 0.230776206 0.006776510 -0.028750002 0.972558439
1341846456.929870 -0.317816675 0.801651835 0.429236084 0.231481388 0.008929241 -0.031750314 0.972280085
1341846456.966238 -0.324335098 0.799311876 0.430242747 0.230767548 0.009204263 -0.029887173 0.972506285
1341846456.997966 -0.318773568 0.810240448 0.436880320 0.234554350 0.006990506 -0.026171008 0.971725583
1341846457.034139 -0.317799002 0.825929701 0.441969067 0.236267358 0.008366779 -0.026893901 0.971279800
1341846457.066343 -0.322852969 0.825851500 0.438263237 0.234488696 0.009245456 -0.027507974 0.971685588
1341846457.098123 -0.319463611 0.831092477 0.437544197 0.236511156 0.008545060 -0.027336890 0.971206546
1341846457.133984 -0.324281842 0.841082573 0.439867020 0.238692790 0.008866057 -0.027081102 0.970676959
1341846457.165966 -0.321510047 0.836715162 0.442950487 0.240047202 0.006841224 -0.026499035 0.970375359
1341846457.198024 -0.311912477 0.840104520 0.438885838 0.243594140 0.007231302 -0.027080080 0.969472229
1341846457.234155 -0.316353112 0.849682391 0.436768442 0.246587858 0.009135625 -0.026954524 0.968702435
1341846457.266029 -0.318668544 0.855061769 0.434074551 0.247542232 0.009215681 -0.026378468 0.968474090
1341846457.302162 -0.310580164 0.862221122 0.449973315 0.247915268 0.010910095 -0.028304642 0.968306720
1341846457.334093 -0.312791765 0.862192512 0.448807895 0.246446282 0.013044890 -0.028333170 0.968654394
1341846457.365992 -0.310769945 0.861686110 0.446165532 0.245636985 0.013509032 -0.026662957 0.968901038
1341846457.401999 -0.308011562 0.865348458 0.442609489 0.245428190 0.016277876 -0.026863853 0.968905807
1341846457.434165 -0.307168573 0.867684603 0.452715039 0.243948296 0.019625282 -0.029688410 0.969134986
1341846457.470028 -0.309039593 0.864233732 0.454155296 0.240941778 0.019170363 -0.029387057 0.969905138
1341846457.502234 -0.303109080 0.858207941 0.449030995 0.238063693 0.018837444 -0.030379537 0.970591545
1341846457.534037 -0.296509266 0.865323961 0.453708559 0.235453397 0.021994270 -0.033130433 0.971071720
1341846457.570088 -0.306268871 0.857469201 0.446929097 0.226989999 0.025993586 -0.037355840 0.972833216
1341846457.601985 -0.302946389 0.846083343 0.441524744 0.221694693 0.025746942 -0.035399947 0.974133134
1341846457.634100 -0.298676759 0.836545885 0.435456395 0.217837691 0.028828712 -0.031463999 0.975051641
1341846457.670084 -0.297348648 0.826842427 0.440701038 0.214721084 0.032855254 -0.027313441 0.975740433
1341846457.701992 -0.293641210 0.809355915 0.436132163 0.211686879 0.036271330 -0.023924056 0.976371229
1341846457.738024 -0.291007161 0.796374202 0.432491541 0.212681785 0.039275475 -0.020077851 0.976125419
1341846457.770266 -0.288779020 0.778402448 0.435818911 0.213596568 0.042422205 -0.016905004 0.975854039
1341846457.802137 -0.283379465 0.768128693 0.438200444 0.215285078 0.044575650 -0.016782446 0.975389063
1341846457.838017 -0.277448118 0.750875771 0.437167048 0.216203928 0.048920874 -0.017955618 0.974956572
1341846457.870077 -0.282526374 0.741498888 0.435291678 0.216906652 0.051616110 -0.015893361 0.974697232
1341846457.902124 -0.274574548 0.720809996 0.429440916 0.216459677 0.050569452 -0.013633979 0.974885643
1341846457.937994 -0.266990870 0.718577266 0.426462501 0.217967674 0.054241192 -0.015133192 0.974330068
1341846457.970119 -0.275674760 0.705001414 0.432179272 0.215770200 0.056771606 -0.015101144 0.974675417
1341846458.006046 -0.269326776 0.692200065 0.423709422 0.212626949 0.056362651 -0.016560582 0.975365996
1341846458.038014 -0.260348231 0.678817391 0.420894653 0.210109234 0.060122255 -0.019281657 0.975637078
1341846458.070131 -0.268119663 0.666425347 0.423290312 0.206894189 0.063649438 -0.018413354 0.976117074
1341846458.106139 -0.265379429 0.647162974 0.419460088 0.204567790 0.062866472 -0.013332624 0.976740539
1341846458.138044 -0.260288030 0.635609210 0.408700883 0.202764988 0.063506670 -0.010331783 0.977111340
1341846458.169976 -0.260705590 0.626047313 0.409612089 0.198712543 0.066969186 -0.010790738 0.977707505
1341846458.205943 -0.265842915 0.608169436 0.411606610 0.193376631 0.068345010 -0.012090635 0.978666544
1341846458.238247 -0.261111677 0.590199471 0.408840984 0.189469174 0.065730229 -0.010463258 0.979628325
1341846458.273991 -0.254865170 0.583682120 0.407125920 0.186061621 0.066137545 -0.012308118 0.980232358
1341846458.306111 -0.261960059 0.560137808 0.400722891 0.179302871 0.066655092 -0.013233340 0.981444061
1341846458.344939 -0.256942958 0.539673269 0.396803886 0.176081076 0.064753398 -0.011276022 0.982178867
1341846458.406267 -0.254257292 0.511393607 0.387721002 0.170668036 0.063314952 -0.006830714 0.983268559
1341846458.442040 -0.251973629 0.493139952 0.383170545 0.165949255 0.063183703 -0.006782368 0.984084725
1341846458.473980 -0.253360361 0.475054055 0.379345745 0.162469834 0.063134484 -0.005785957 0.984674692
1341846458.506295 -0.255327731 0.463727653 0.372967511 0.159508213 0.062364917 -0.003802764 0.985217392
1341846458.541965 -0.252035052 0.453290761 0.367653698 0.154261947 0.061169513 -0.003442517 0.986128688
1341846458.573927 -0.251431167 0.421948373 0.366207510 0.147592679 0.060532581 -0.001085877 0.987193525
1341846458.606148 -0.245974749 0.417517453 0.356519401 0.146294832 0.059415080 0.001206381 0.987454414
1341846458.642017 -0.250975460 0.410308361 0.356268942 0.140866309 0.059609737 0.002282500 0.988229811
1341846458.673954 -0.253242791 0.399586469 0.349935681 0.133971766 0.056543984 0.003474171 0.989364624
1341846458.710158 -0.246293351 0.404367775 0.344717532 0.125595093 0.054391000 0.001353635 0.990588546
1341846458.741981 -0.260607660 0.369191110 0.339061320 0.109560788 0.053441983 -0.002108484 0.992540181
1341846458.773965 -0.257312030 0.361603886 0.330890626 0.100567140 0.045440763 -0.006186451 0.993872762
1341846458.810261 -0.241576508 0.336929440 0.328530997 0.088628121 0.040702380 -0.010749393 0.995174825
1341846458.845355 -0.249801278 0.320263714 0.329097003 0.084807388 0.041155364 -0.012199307 0.995472312
1341846458.910230 -0.246656597 0.304022908 0.316331834 0.081828572 0.038648061 -0.007964347 0.995864987
1341846458.942341 -0.249008298 0.297645777 0.315144062 0.078891866 0.039749611 -0.009062801 0.996049166
1341846458.979658 -0.256060719 0.290488750 0.310093999 0.074833125 0.040092975 -0.010570287 0.996333718
1341846459.010325 -0.256215125 0.288192004 0.306383133 0.070685782 0.037655875 -0.010471151 0.996732652
1341846459.052625 -0.251629174 0.284661621 0.297727734 0.062976167 0.035857674 -0.013334285 0.997281551
1341846459.078195 -0.255291015 0.270722955 0.295967668 0.053411756 0.035948642 -0.016464405 0.997789502
1341846459.110297 -0.252668142 0.260510594 0.289925814 0.045968510 0.035314325 -0.019445727 0.998129070
1341846459.156583 -0.255672038 0.237484261 0.289838046 0.038261864 0.035598397 -0.018885534 0.998454928
1341846459.209921 -0.246976137 0.218513340 0.274525523 0.033123929 0.034708310 -0.017647196 0.998692572
1341846459.246034 -0.251612186 0.220046878 0.269879699 0.029816227 0.036858022 -0.019902760 0.998677373
1341846459.278165 -0.247863084 0.227188081 0.271915913 0.023146091 0.036631875 -0.021903494 0.998820662
1341846459.310125 -0.238167465 0.217999235 0.264475822 0.013537695 0.036572345 -0.027155571 0.998870313
1341846459.346071 -0.243534952 0.196862251 0.261621028 0.001421670 0.039827004 -0.032285690 0.998683870
1341846459.378112 -0.243628100 0.181236118 0.256827801 -0.004624953 0.041347567 -0.033520419 0.998571694
1341846459.409983 -0.245179683 0.174652338 0.249576658 -0.003541552 0.045413155 -0.035357233 0.998336136
1341846459.446124 -0.247759625 0.173548430 0.251927912 -0.001442671 0.050457839 -0.039331809 0.997950435
1341846459.478285 -0.250644177 0.170523033 0.254834294 -0.001604079 0.051868238 -0.042926442 0.997729659
1341846459.514102 -0.251899660 0.180390656 0.243850067 -0.002153739 0.052293211 -0.053741310 0.997182429
1341846459.546042 -0.250332832 0.161311522 0.236995086 -0.011890693 0.054236338 -0.070943929 0.995933712
1341846459.578086 -0.256762445 0.145862296 0.244966105 -0.018931584 0.055265032 -0.089055240 0.994312108
1341846459.614088 -0.257456481 0.140608430 0.242073283 -0.019035315 0.052289329 -0.107807755 0.992613256
1341846459.646471 -0.259244204 0.146775037 0.234775677 -0.017152783 0.050429728 -0.125118718 0.990710855
1341846459.682060 -0.265391082 0.136966169 0.234266743 -0.023682203 0.051352575 -0.146681339 0.987566054
1341846459.713908 -0.266581804 0.144383714 0.242411196 -0.024584899 0.049314864 -0.165860489 0.984608591
1341846459.746062 -0.260109276 0.145813406 0.241066739 -0.025872434 0.044901785 -0.181356400 0.982051075
1341846459.782130 -0.268003434 0.135254636 0.237590790 -0.031367593 0.043128569 -0.197062999 0.978939295
1341846459.814161 -0.266645074 0.134679958 0.246428356 -0.031616073 0.040127236 -0.212808982 0.975757420
1341846459.845917 -0.277412087 0.132817611 0.244903564 -0.030251049 0.035831410 -0.229936928 0.972075105
1341846459.881966 -0.268311173 0.137145981 0.242949322 -0.028280498 0.026885845 -0.245057464 0.968722999
1341846459.914201 -0.274853796 0.147015870 0.233073220 -0.032754060 0.023463620 -0.267737061 0.962649286
1341846459.950366 -0.265059948 0.151365176 0.237052813 -0.039905831 0.019049853 -0.291337311 0.955597878
1341846459.982150 -0.285467207 0.154124260 0.234620586 -0.048018593 0.016731201 -0.310176253 0.949318230
1341846460.014318 -0.281415820 0.146402329 0.229251474 -0.054845177 0.009144405 -0.326062888 0.943711519
1341846460.050064 -0.278490007 0.149225980 0.226623580 -0.058685672 0.006442784 -0.340721458 0.938308775
1341846460.082470 -0.280148447 0.155572280 0.226604983 -0.062502928 0.004710166 -0.352736890 0.933620870
1341846460.113981 -0.289630502 0.162290797 0.227043197 -0.065930061 0.000781370 -0.359081835 0.930974185
1341846460.150105 -0.291066706 0.154510885 0.227079898 -0.070641577 -0.004449928 -0.369532526 0.926518083
1341846460.181998 -0.293188632 0.156189606 0.220854402 -0.073787794 -0.005493997 -0.383852422 0.920425236
1341846460.218224 -0.287980616 0.160370797 0.227386281 -0.074626401 -0.007027968 -0.389994889 0.917761207
1341846460.250207 -0.295599371 0.164859444 0.226665974 -0.074708633 -0.008390482 -0.396050096 0.915146172
1341846460.282079 -0.303501844 0.159111127 0.215112761 -0.077936918 -0.008526786 -0.404119223 0.911340117
1341846460.318118 -0.300084323 0.166776702 0.211402267 -0.080900155 -0.010140103 -0.412318796 0.907383919
1341846460.350039 -0.298247248 0.175881952 0.212440133 -0.085666232 -0.012245948 -0.419820666 0.903472185
1341846460.382034 -0.290405720 0.184444815 0.211290419 -0.089910105 -0.015076607 -0.428923607 0.898728788
1341846460.417986 -0.304975122 0.176397294 0.208018646 -0.098039836 -0.016242987 -0.435963750 0.894460738
1341846460.450206 -0.306951702 0.177017748 0.207764119 -0.104428612 -0.018514885 -0.444866717 0.889294982
1341846460.486901 -0.310075521 0.178233877 0.217928708 -0.109874010 -0.021165442 -0.453505993 0.884201348
1341846460.550003 -0.305187702 0.197367191 0.209054112 -0.117507711 -0.026360765 -0.479921162 0.869006813
1341846460.585983 -0.309187293 0.194581449 0.213893145 -0.123771213 -0.028876111 -0.493389845 0.860472798
1341846460.618376 -0.323345631 0.194316119 0.210701436 -0.130395338 -0.032429691 -0.504586756 0.852840960
1341846460.654440 -0.327861756 0.190623313 0.205843449 -0.135703519 -0.035829511 -0.515855551 0.845099926
1341846460.685981 -0.330017328 0.190242454 0.203642815 -0.139642373 -0.037076898 -0.527350128 0.837273717
1341846460.719720 -0.333201110 0.201210365 0.205494404 -0.141731501 -0.038615562 -0.534914017 0.832038522
1341846460.754596 -0.340564549 0.195092469 0.201478437 -0.149718344 -0.041359123 -0.542531967 0.825550139
1341846460.818048 -0.347906739 0.200475544 0.205405295 -0.164613023 -0.040858790 -0.560998619 0.810255289
1341846460.854135 -0.345074594 0.198066935 0.206363097 -0.170609623 -0.043371476 -0.565694094 0.805606365
1341846460.886066 -0.357686102 0.195603669 0.207075551 -0.176681101 -0.041261844 -0.569547474 0.801683784
1341846460.922118 -0.363168061 0.197906166 0.198916793 -0.180643067 -0.037456159 -0.575900316 0.796432078
1341846460.953981 -0.353001475 0.203799292 0.211518526 -0.181887746 -0.035845727 -0.578376710 0.794425845
1341846460.986060 -0.345771044 0.204076037 0.205420747 -0.181844383 -0.036306832 -0.579147637 0.793852985
1341846461.022018 -0.352774024 0.199084595 0.200279444 -0.184975669 -0.033692107 -0.581392825 0.791600466
1341846461.053987 -0.340198398 0.201318771 0.198595464 -0.185468972 -0.032308187 -0.582627177 0.790634632
1341846461.086024 -0.342836082 0.213523358 0.209161907 -0.187194526 -0.028188894 -0.583321035 0.789873540
1341846461.122172 -0.338879168 0.219872743 0.205541968 -0.185286075 -0.026180439 -0.577977121 0.794308662
1341846461.153999 -0.359351814 0.209857121 0.190527156 -0.186366484 -0.019282846 -0.573731124 0.797325730
1341846461.190395 -0.328237206 0.214156225 0.192227304 -0.177895069 -0.016314004 -0.567205489 0.803968370
1341846461.222053 -0.344478339 0.214358151 0.214345694 -0.177476168 -0.010834159 -0.559093714 0.809814274
1341846461.254158 -0.347721159 0.207920909 0.204220563 -0.174411461 -0.007946382 -0.552920103 0.814737380
1341846461.289936 -0.333007276 0.207034111 0.209356740 -0.167681485 -0.007247423 -0.552422822 0.816492200
1341846461.322044 -0.323922515 0.201772019 0.214383915 -0.164588183 -0.009374111 -0.549199641 0.819269598
1341846461.354118 -0.326860815 0.193309680 0.212175980 -0.165457189 -0.011546661 -0.549230456 0.819046140
1341846461.390065 -0.335459292 0.188726604 0.207627133 -0.165593430 -0.009120306 -0.552066088 0.817140579
1341846461.422073 -0.330107421 0.194626540 0.214224935 -0.161791667 -0.006885736 -0.550816476 0.818765700
1341846461.458072 -0.328719974 0.185523242 0.216982350 -0.160292447 -0.007068250 -0.544735193 0.823116064
1341846461.490119 -0.331589401 0.185092688 0.205460206 -0.155360669 -0.002639561 -0.536274612 0.829617739
1341846461.522406 -0.324570119 0.182579890 0.198749259 -0.149566770 0.003049129 -0.525770068 0.837368786
1341846461.558036 -0.309956461 0.194563001 0.210361779 -0.140771255 0.005633038 -0.511471808 0.847672284
1341846461.622229 -0.321053326 0.171346426 0.210140243 -0.136005238 0.009055799 -0.491174817 0.860330164
1341846461.657948 -0.318668276 0.175787210 0.219049931 -0.130620971 0.011265149 -0.478848994 0.868052423
1341846461.726030 -0.326565802 0.169635624 0.223351330 -0.117464826 0.013833622 -0.450766772 0.884771168
1341846461.758483 -0.333264977 0.163344085 0.230514795 -0.112872750 0.016897101 -0.437824249 0.891787052
1341846461.789933 -0.329712272 0.161140800 0.222282171 -0.105689526 0.018634748 -0.422045678 0.900199950
1341846461.826110 -0.341232270 0.164535657 0.234186798 -0.097990580 0.024302546 -0.408291757 0.907251477
1341846461.858118 -0.328517854 0.146837682 0.232005671 -0.089883208 0.023813725 -0.392719448 0.914945543
1341846461.894127 -0.321353257 0.138349831 0.220990241 -0.083413675 0.024537733 -0.379067242 0.921275318
1341846461.926026 -0.327409238 0.139678359 0.226278290 -0.078237452 0.028771294 -0.366210371 0.926790774
1341846461.958215 -0.329386115 0.134850800 0.230800152 -0.073193602 0.031027684 -0.354129881 0.931811213
1341846461.994132 -0.328186870 0.141743809 0.235614210 -0.064876795 0.032159843 -0.336500049 0.938895404
1341846462.026102 -0.320267051 0.131851345 0.227193102 -0.059519682 0.030115560 -0.318290830 0.945643365
1341846462.058066 -0.327395797 0.134797931 0.229474202 -0.055381354 0.030253729 -0.302531064 0.951048136
1341846462.094057 -0.327101648 0.127762467 0.234351352 -0.052878067 0.027203713 -0.284328967 0.956880867
1341846462.126029 -0.330730200 0.127657056 0.234175965 -0.048502073 0.026060048 -0.266737014 0.962195337
1341846462.162124 -0.324000925 0.119236641 0.228703931 -0.042308725 0.021948975 -0.242808089 0.968902707
1341846462.194292 -0.314053953 0.131039202 0.232538089 -0.035430770 0.018611588 -0.227172837 0.973031759
1341846462.226092 -0.336497992 0.121950023 0.237026423 -0.034390505 0.019833850 -0.217138112 0.975333333
1341846462.262203 -0.326764554 0.114383638 0.234228089 -0.027994284 0.014891245 -0.194841594 0.980322123
1341846462.293934 -0.329592377 0.116687797 0.223670140 -0.023524828 0.013176103 -0.181835920 0.982959211
1341846462.325983 -0.337375730 0.120107695 0.225838333 -0.021867678 0.014197992 -0.175436556 0.984145463
1341846462.362050 -0.345711648 0.108898446 0.233301938 -0.020947793 0.014659615 -0.161494151 0.986542463
1341846462.400267 -0.342096061 0.106112793 0.228705823 -0.014123391 0.013689226 -0.144458950 0.989315331
1341846462.431940 -0.340488970 0.102303088 0.222314954 -0.006397426 0.014119055 -0.126017272 0.991906941
1341846462.468003 -0.335480273 0.102549449 0.226099432 0.000583310 0.013927144 -0.107199401 0.994139910
1341846462.500020 -0.333327770 0.102922939 0.223698214 0.006731082 0.014285510 -0.088899456 0.995915473
1341846462.535930 -0.334449768 0.089034371 0.223879173 0.009688675 0.016954202 -0.074377358 0.997038960
1341846462.567947 -0.320788831 0.083785832 0.220715016 0.018252051 0.017984435 -0.054866385 0.998164892
1341846462.599970 -0.314622790 0.081494443 0.217286184 0.025655948 0.018840671 -0.036307115 0.998833656
1341846462.635989 -0.318222374 0.082701482 0.214992955 0.031915557 0.020807654 -0.019503677 0.999083638
1341846462.668003 -0.320023626 0.086769521 0.210444525 0.036258265 0.020981563 -0.005366027 0.999107838
1341846462.704029 -0.318671465 0.080389306 0.210829914 0.037490577 0.021302594 0.010504418 0.999014735
1341846462.735984 -0.326154232 0.084921524 0.208945364 0.038537599 0.020985648 0.024457382 0.998737335
1341846462.768046 -0.323388547 0.079815537 0.207851738 0.037743848 0.018362319 0.047538158 0.997987151
1341846462.803937 -0.319592834 0.077296264 0.208833694 0.039659288 0.016805070 0.066961937 0.996825397
1341846462.835950 -0.316639066 0.076217733 0.208496422 0.041946810 0.016671944 0.083702721 0.995467901
1341846462.871842 -0.310646534 0.076992132 0.206895590 0.045739580 0.015972281 0.100992560 0.993706882
1341846462.904097 -0.310545743 0.071597278 0.209285960 0.048828710 0.018331436 0.112609074 0.992269635
1341846462.966029 -0.309927076 0.054608699 0.203443557 0.055448722 0.024151454 0.126594409 0.990109146
1341846462.998172 -0.310443044 0.054290213 0.201556236 0.062992558 0.023984026 0.136211872 0.988384068
1341846463.029970 -0.308523118 0.056306146 0.204174206 0.068291746 0.024871603 0.143066570 0.987040818
1341846463.066067 -0.311986566 0.061761431 0.202642784 0.070576221 0.025500355 0.152823567 0.985400259
1341846463.098088 -0.309511542 0.061034281 0.199171469 0.071440808 0.024101825 0.166360140 0.983178377
1341846463.134111 -0.310450584 0.062323511 0.198026314 0.072902456 0.024909914 0.183141679 0.980063200
1341846463.165917 -0.305791974 0.059959538 0.196324095 0.073879987 0.026019031 0.202459112 0.976153195
1341846463.198310 -0.308529347 0.066284731 0.203657597 0.076346710 0.028596494 0.221571133 0.971730292
1341846463.234037 -0.312570393 0.066534266 0.200273663 0.074892282 0.031617418 0.235821113 0.968390346
1341846463.265874 -0.308540136 0.063956559 0.206269711 0.073461249 0.032275770 0.248292878 0.965356112
1341846463.298219 -0.298359394 0.046998955 0.191025645 0.074204624 0.031936277 0.258902878 0.962519109
1341846463.334210 -0.296471864 0.044950075 0.196671054 0.078381836 0.032749459 0.269418955 0.959269106
1341846463.365995 -0.294311136 0.043504078 0.194616944 0.085367039 0.033322599 0.279749662 0.955689430
1341846463.402065 -0.293468714 0.043599904 0.195508510 0.091877721 0.033786349 0.286860645 0.952957511
1341846463.434179 -0.290611237 0.040637199 0.195969909 0.094712362 0.035600014 0.294392914 0.950313151
1341846463.466070 -0.293470919 0.043589536 0.193311825 0.099785805 0.038607419 0.302040875 0.947271705
1341846463.501955 -0.292353809 0.043050546 0.195973694 0.104720473 0.040945247 0.309651703 0.944178462
1341846463.534089 -0.292383641 0.043435305 0.192651331 0.107337795 0.042764362 0.318914086 0.940714419
1341846463.566060 -0.292850763 0.043025970 0.192401797 0.109024756 0.044779208 0.327504665 0.937469542
1341846463.601907 -0.291758686 0.043563157 0.192911699 0.110965386 0.046288650 0.335759640 0.934242725
1341846463.634009 -0.291416049 0.043083556 0.191529095 0.112354442 0.045965385 0.342081398 0.931796134
1341846463.670261 -0.292867273 0.045987785 0.186973631 0.112634525 0.045923095 0.348963380 0.929208875
1341846463.702198 -0.291299641 0.043084420 0.186550766 0.112111308 0.049182665 0.356436431 0.926264167
1341846463.734494 -0.291323185 0.043427758 0.189233363 0.115037650 0.051399589 0.366527945 0.921836078
1341846463.770159 -0.291789621 0.044886872 0.189162195 0.117626734 0.050606221 0.376544863 0.917505801
1341846463.804734 -0.292205960 0.043794334 0.185132697 0.117049403 0.051675625 0.387396455 0.912991345
1341846463.836811 -0.292092890 0.043503381 0.185883015 0.116653860 0.054993924 0.396809638 0.908795714
1341846463.902572 -0.292749822 0.044866130 0.184440911 0.116349533 0.061460175 0.419215053 0.898300767
1341846463.938656 -0.294471294 0.046617486 0.186554149 0.119578965 0.064664096 0.432589561 0.891283274
1341846464.006721 -0.293896228 0.049453273 0.174137920 0.120788716 0.067071714 0.456857741 0.878744900
1341846464.070293 -0.295733213 0.049968883 0.173405528 0.119762488 0.073584706 0.482530177 0.864526987
1341846464.106086 -0.294927210 0.050681561 0.171603531 0.118504733 0.075192288 0.495998442 0.856906235
1341846464.138960 -0.292909026 0.053475559 0.165787816 0.116443209 0.076547265 0.509368539 0.849190950
1341846464.170247 -0.299412936 0.053604752 0.175173000 0.117629737 0.084118605 0.524566829 0.838997602
1341846464.206089 -0.302220881 0.051949859 0.171858728 0.122795664 0.090557121 0.545512497 0.824097574
1341846464.238124 -0.293891788 0.053891882 0.161357075 0.123205796 0.092802078 0.560220420 0.813855827
1341846464.270037 -0.295404643 0.054463401 0.156972796 0.120287329 0.097518645 0.574607909 0.803646028
1341846464.306089 -0.294211596 0.051974654 0.159267277 0.118326813 0.103206754 0.586135745 0.794853508
1341846464.337963 -0.294437826 0.057122096 0.171564132 0.127530143 0.108584523 0.599247754 0.782845855
1341846464.374148 -0.292535394 0.061326116 0.178925335 0.142453402 0.111755922 0.611498594 0.770251393
1341846464.406125 -0.295950800 0.050136000 0.170723006 0.148952663 0.119628690 0.618811786 0.761954188
1341846464.438109 -0.287689149 0.069685757 0.184040576 0.155700237 0.127253011 0.625812471 0.753606558
1341846464.474154 -0.296778202 0.058027059 0.153163180 0.155610994 0.133949399 0.636438131 0.743498027
1341846464.506083 -0.289244711 0.079779506 0.170855612 0.155833036 0.136304617 0.641750157 0.738440216
1341846464.538050 -0.308323443 0.085479736 0.166577131 0.152811468 0.141730845 0.643954217 0.736127675
1341846464.573969 -0.304406792 0.078881681 0.157494798 0.145230830 0.146638632 0.650083601 0.731297791
1341846464.606003 -0.309500754 0.107764572 0.197042704 0.144951060 0.149596035 0.653988361 0.727261662
1341846464.642006 -0.312333882 0.100277960 0.180140138 0.139563203 0.152902409 0.659227967 0.722884119
1341846464.674030 -0.306243807 0.103175372 0.182566494 0.131649747 0.155900896 0.662805676 0.720452607
1341846464.706178 -0.307665676 0.101952016 0.178460777 0.124522932 0.159942582 0.668735504 0.715335727
1341846464.741977 -0.309265316 0.108774513 0.173873231 0.117534786 0.159752369 0.674161077 0.711457431
1341846464.774027 -0.295815974 0.118982553 0.192518145 0.114290588 0.159206122 0.679434180 0.707078755
1341846464.806072 -0.317608953 0.110045761 0.182083815 0.111122184 0.163856074 0.678736567 0.707191467
1341846464.842191 -0.306711257 0.115209013 0.188200548 0.104180142 0.162241578 0.682595193 0.704902887
1341846464.873987 -0.295176148 0.120291799 0.198520690 0.102518216 0.159765869 0.684812248 0.703560293
1341846464.910024 -0.325691789 0.115009606 0.167957723 0.099815652 0.161607623 0.683317363 0.704980314
1341846464.941952 -0.320232421 0.108564258 0.172340930 0.088376716 0.161105424 0.687390447 0.702658474
1341846464.974022 -0.319826156 0.108275712 0.178144544 0.081894018 0.160490558 0.691921115 0.699128985
1341846465.010148 -0.321122408 0.114253283 0.174641624 0.079046361 0.156709403 0.697547197 0.694709837
1341846465.042073 -0.324579805 0.113720745 0.178168491 0.075869262 0.155020505 0.701988995 0.690958738
1341846465.078033 -0.328310609 0.119001687 0.176721781 0.072801098 0.152532950 0.704483628 0.689301491
1341846465.110007 -0.318920225 0.119126499 0.172510117 0.067508101 0.146382138 0.705556273 0.690076351
1341846465.142010 -0.325177968 0.117286414 0.186819136 0.066716745 0.144965813 0.704598129 0.691429973
1341846465.177973 -0.337706596 0.118090808 0.178782076 0.066204816 0.143444523 0.703186512 0.693231106
1341846465.210092 -0.327722549 0.116341084 0.172604203 0.060041741 0.137593180 0.702271938 0.695900381
1341846465.241909 -0.337631583 0.121837735 0.186388195 0.058318730 0.136216521 0.699318469 0.699283779
1341846465.278006 -0.327799082 0.117782116 0.184432328 0.054433130 0.133767828 0.698574483 0.700811625
1341846465.310248 -0.326791823 0.118734717 0.190412164 0.054137260 0.131723836 0.696787894 0.702996969
1341846465.346076 -0.335597783 0.119809121 0.186784923 0.054546107 0.131063938 0.690185249 0.709571242
1341846465.377895 -0.326543540 0.118403226 0.180999786 0.051182497 0.127796844 0.684722066 0.715684414
1341846465.409986 -0.335201174 0.115244180 0.178960636 0.050216168 0.128613099 0.675913274 0.723932505
1341846465.446399 -0.335523367 0.118219078 0.176997960 0.047051374 0.128072768 0.665792584 0.733555615
1341846465.478000 -0.328463554 0.118962437 0.178088427 0.046497785 0.127644211 0.657887995 0.740761995
1341846465.510268 -0.329130113 0.116884112 0.177820235 0.048664056 0.129273981 0.648714960 0.748390973
1341846465.545952 -0.335640311 0.118107915 0.173896268 0.049177229 0.129736677 0.637592971 0.757776558
1341846465.578109 -0.332582533 0.120043784 0.172434747 0.048512939 0.127714530 0.629060507 0.765257061
1341846465.614033 -0.332407713 0.115540385 0.162640333 0.047940359 0.125297070 0.619247198 0.773650706
1341846465.646071 -0.329062730 0.110131145 0.159221604 0.045734510 0.122629955 0.609739780 0.781720996
1341846465.678057 -0.324322134 0.106954515 0.162410557 0.042710308 0.117934190 0.604208648 0.786892176
1341846465.713982 -0.324039340 0.118136138 0.182880938 0.045124047 0.116352141 0.595633984 0.793502569
1341846465.745991 -0.317603230 0.115491018 0.162565425 0.045461360 0.113859721 0.590223074 0.797876000
1341846465.778260 -0.328008711 0.111648366 0.158434093 0.045642309 0.112261072 0.580372691 0.805283666
1341846465.814116 -0.333745360 0.118125886 0.167370230 0.046161830 0.110819608 0.567425370 0.814626634
1341846465.845994 -0.321491420 0.119760454 0.174913183 0.047805984 0.108626559 0.556830347 0.822103918
1341846465.882074 -0.332494080 0.119092241 0.169160858 0.048661929 0.106118985 0.545285344 0.830081165
1341846465.913915 -0.333267540 0.120739430 0.165657580 0.046691906 0.101270378 0.531904936 0.839429200
1341846465.946253 -0.341872990 0.121394798 0.163077712 0.043555271 0.099055752 0.513772607 0.851074994
1341846465.982097 -0.345979303 0.115927458 0.151767254 0.036005124 0.093628861 0.499537319 0.860464871
1341846466.014088 -0.347643495 0.123767987 0.166370958 0.031132942 0.088521279 0.484606296 0.869684756
1341846466.046055 -0.331638694 0.121878088 0.168915644 0.028817143 0.085658990 0.476034224 0.874770641
1341846466.082006 -0.333764941 0.121205345 0.163559064 0.030070726 0.083911747 0.466659963 0.879933596
1341846466.114092 -0.345683843 0.132124558 0.171526104 0.031067740 0.082988821 0.452339649 0.887432575
1341846466.149988 -0.344141603 0.127916172 0.174633235 0.029583823 0.083682686 0.441399843 0.892910004
1341846466.182235 -0.340759903 0.122912228 0.160002261 0.029266104 0.081485622 0.433362156 0.897051275
1341846466.227775 -0.358361095 0.117567971 0.154425979 0.025219088 0.078559972 0.417334139 0.904999793
1341846466.282054 -0.349118829 0.129965827 0.167569831 0.015068616 0.076208487 0.378716439 0.922246814
1341846466.318013 -0.350631237 0.130199268 0.164033249 0.015876900 0.073271461 0.363010198 0.928764164
1341846466.350104 -0.347318560 0.133937508 0.180874482 0.016589157 0.072449893 0.348487020 0.934362173
1341846466.418103 -0.334496856 0.117931977 0.175858229 0.015347832 0.072783247 0.334693402 0.939386725
1341846466.450241 -0.318208069 0.110859841 0.179292098 0.023182129 0.072771132 0.334838063 0.939175367
1341846466.482241 -0.323822677 0.120487198 0.181797877 0.034272850 0.074947767 0.326735437 0.941515923
1341846466.518064 -0.334372282 0.132143304 0.182792202 0.039222550 0.076824300 0.315854013 0.944878757
1341846466.550013 -0.340998381 0.142268017 0.188400134 0.039225541 0.078678504 0.301150948 0.949515283
1341846466.586129 -0.334480643 0.136604652 0.187774062 0.036183991 0.079553172 0.287938416 0.953652680
1341846466.617891 -0.333095849 0.131572053 0.183929473 0.034983575 0.079463385 0.271673143 0.958465159
1341846466.650067 -0.335921019 0.127660662 0.186211914 0.032410789 0.076507866 0.256762266 0.962896287
1341846466.686119 -0.332326800 0.141978800 0.199246913 0.028814530 0.076484889 0.242026776 0.966821015
1341846466.718096 -0.324390113 0.127250433 0.204054356 0.023328494 0.076951139 0.233820319 0.968949139
1341846466.750165 -0.325616330 0.133680761 0.211824775 0.024180546 0.075274564 0.224546239 0.971250772
1341846466.786075 -0.321584940 0.141126096 0.216902375 0.022031546 0.076026782 0.212620854 0.973923445
1341846466.817996 -0.316622078 0.138546169 0.217704758 0.017522160 0.078365937 0.201028749 0.976288497
1341846466.854152 -0.323240101 0.134589240 0.210453659 0.015215078 0.077938005 0.194106996 0.977761149
1341846466.886138 -0.320496649 0.148386240 0.219591826 0.014487079 0.075711101 0.187914893 0.979155779
1341846466.918000 -0.326515943 0.148419708 0.214370683 0.005918469 0.078255750 0.173763469 0.981655359
1341846466.954116 -0.328642458 0.131104022 0.215073884 -0.003912462 0.077297762 0.162356585 0.983692050
1341846466.986117 -0.323705107 0.140579402 0.221326619 -0.010084837 0.073692895 0.150100753 0.985868871
1341846467.018002 -0.311186850 0.141048983 0.220292673 -0.018560756 0.074080423 0.134375259 0.987983286
1341846467.054121 -0.309754431 0.139206976 0.225849718 -0.024486611 0.074397728 0.120654434 0.989599943
1341846467.086519 -0.310267359 0.133829162 0.221161142 -0.026206287 0.070697546 0.110498779 0.991012156
1341846467.122117 -0.302565843 0.135023788 0.225640401 -0.028090650 0.067531466 0.096389502 0.992652774
1341846467.154292 -0.303903550 0.132461324 0.225880027 -0.026524581 0.069147423 0.084024951 0.993707716
1341846467.221944 -0.290016800 0.143555209 0.222019017 -0.014115093 0.058605257 0.067291498 0.995910704
1341846467.254128 -0.289126009 0.145949349 0.215728372 -0.017467745 0.055822741 0.057633836 0.996622860
1341846467.290073 -0.288037747 0.140293553 0.217643902 -0.023112658 0.052514710 0.044963911 0.997339606
1341846467.322189 -0.288366795 0.147709653 0.215550169 -0.024555359 0.046789926 0.035627332 0.997967184
1341846467.354092 -0.271825194 0.145941108 0.213780403 -0.027865121 0.037168469 0.027777281 0.998534143
1341846467.390082 -0.273246288 0.140436143 0.210310385 -0.029337207 0.031840842 0.017327797 0.998912036
1341846467.422206 -0.264930308 0.135261744 0.205408558 -0.029217778 0.024362473 0.010945344 0.999216199
1341846467.454073 -0.269726515 0.136259809 0.198939905 -0.025433781 0.019775031 0.006434212 0.999460220
1341846467.490150 -0.261766762 0.132853329 0.187657118 -0.017764421 0.011346396 0.003206369 0.999772727
1341846467.522115 -0.250412911 0.131982982 0.185484886 -0.010207184 0.004935494 0.001858009 0.999934018
1341846467.558053 -0.248142987 0.138141751 0.178502575 -0.000366354 0.001030420 -0.002885544 0.999995291
1341846467.589949 -0.234969765 0.128007576 0.169362277 0.007322163 -0.006154356 0.000500955 0.999954164
1341846467.622077 -0.226398602 0.128843263 0.161376730 0.018868413 -0.013415274 0.002535870 0.999728799
1341846467.658139 -0.214757755 0.115504846 0.151939526 0.028674321 -0.018882038 0.007866972 0.999379516
1341846467.690047 -0.213766828 0.123313420 0.151870102 0.042837705 -0.024281515 0.016262461 0.998654544
1341846467.721985 -0.207049742 0.141641065 0.146292567 0.054847423 -0.034944143 0.021408597 0.997653425
1341846467.758049 -0.203556150 0.145354092 0.131231025 0.058266293 -0.042165894 0.025436720 0.997085810
1341846467.789943 -0.191569671 0.162422344 0.121003956 0.059830081 -0.048053805 0.026013041 0.996711910
1341846467.826009 -0.190955564 0.169008970 0.110243022 0.055642810 -0.053781372 0.025522245 0.996674478
1341846467.858121 -0.178087458 0.158912674 0.110396996 0.051795676 -0.061931502 0.026851647 0.996373773
1341846467.890215 -0.169805393 0.164677560 0.105662085 0.053369794 -0.067279860 0.028844379 0.995888114
1341846467.926038 -0.151855737 0.166038111 0.091405064 0.053188447 -0.071225099 0.027963417 0.995648563
1341846467.957994 -0.144354761 0.166146234 0.082122490 0.051996950 -0.072940305 0.025850942 0.995644450
1341846467.990124 -0.135015875 0.170570076 0.067681387 0.051035874 -0.076058015 0.026443068 0.995445311
1341846468.026228 -0.127159506 0.192827925 0.056755085 0.047311965 -0.077748477 0.025049534 0.995534658
1341846468.058002 -0.115939431 0.182055324 0.056838572 0.038221698 -0.077574521 0.023125453 0.995985210
1341846468.094305 -0.114541993 0.185440898 0.047424041 0.033110209 -0.075719193 0.022692736 0.996320963
1341846468.126042 -0.108896844 0.195265070 0.038819246 0.026605487 -0.076683998 0.025678687 0.996369600
1341846468.158486 -0.092927985 0.197711885 0.024107840 0.017135246 -0.076928802 0.027457569 0.996511161
1341846468.194517 -0.077939458 0.207916945 0.029579874 0.006816143 -0.072646141 0.021932948 0.997093320
1341846468.226561 -0.068871714 0.224943206 0.025496434 -0.004931602 -0.066707045 0.016297437 0.997627318
1341846468.258171 -0.061523076 0.206425264 0.032611623 -0.019089326 -0.062517814 0.013628659 0.997768223
1341846468.309995 -0.043865349 0.209061161 0.013558061 -0.025629448 -0.058354851 0.009206365 0.997924447
1341846468.335863 -0.036025092 0.210184619 0.024111345 -0.033706550 -0.049679894 0.003676894 0.998189509
1341846468.400413 -0.046757534 0.204403386 0.006992506 -0.042602777 -0.038285345 0.004066125 0.998350024
1341846468.462095 -0.030813076 0.208630890 0.002821431 -0.048471339 -0.031626172 0.002712278 0.998320103
1341846468.494284 -0.035462644 0.206706330 0.001354636 -0.051088020 -0.028336883 0.003840334 0.998284698
1341846468.529997 -0.027326668 0.207083017 -0.002699325 -0.050115675 -0.027704863 0.006478383 0.998338103
1341846468.562003 -0.021136086 0.211700961 -0.011300244 -0.050273757 -0.025455687 0.005356833 0.998396695
1341846468.594314 -0.018354058 0.208790600 -0.005004665 -0.051941413 -0.022344181 0.004073065 0.998391926
1341846468.630018 -0.016553726 0.203372747 -0.009711846 -0.051869173 -0.021010088 0.005703531 0.998416603
1341846468.662064 -0.010424343 0.210399747 -0.013761370 -0.049900275 -0.020827372 0.005856596 0.998519897
1341846468.694446 -0.013152626 0.207608804 -0.015388934 -0.050961666 -0.016990857 0.002327887 0.998553455
1341846468.730126 -0.000799040 0.189401999 -0.009501172 -0.049629416 -0.016448133 0.002937998 0.998627961
1341846468.762147 0.002879773 0.196022958 -0.006170427 -0.044503067 -0.017061675 0.005336485 0.998849332
1341846468.797962 0.002137701 0.196413383 -0.013792399 -0.043002866 -0.016197534 0.005414594 0.998928964
1341846468.830113 0.008750590 0.199109122 -0.014273071 -0.042391565 -0.013814307 0.000722852 0.999005318
1341846468.862077 0.007225418 0.189808354 -0.006172244 -0.041492652 -0.012574976 0.002175718 0.999057293
1341846468.897982 0.004640836 0.194162816 -0.012997075 -0.036712017 -0.012122435 0.004891927 0.999240398
1341846468.930161 0.010725748 0.194744512 -0.018586650 -0.034692571 -0.010483049 0.004989092 0.999330580
1341846468.962214 0.010850229 0.193718821 -0.019835729 -0.034468632 -0.007253439 0.004070587 0.999371171
1341846468.998002 0.008966345 0.187452227 -0.012118752 -0.033311691 -0.007037335 0.007944973 0.999388695
1341846469.030028 0.013732486 0.186951727 -0.011697217 -0.029262023 -0.008697501 0.011044139 0.999472916
1341846469.066173 0.011145955 0.194397315 -0.020306248 -0.025579240 -0.006957229 0.009125807 0.999606907
1341846469.098358 0.012933614 0.195627630 -0.015400550 -0.026698302 -0.007812008 0.011239724 0.999549866
1341846469.131076 0.015082592 0.195057198 -0.020288618 -0.027013969 -0.008731652 0.011062809 0.999535680
1341846469.166463 0.018762274 0.191652164 -0.018552473 -0.025887759 -0.007592867 0.009447880 0.999591410
1341846469.198284 0.018773450 0.190929025 -0.015566977 -0.024111714 -0.006697130 0.010799795 0.999628544
1341846469.242554 0.017815061 0.189274013 -0.018922947 -0.022537079 -0.006324244 0.012172568 0.999651909
1341846469.272447 0.022073409 0.192152143 -0.019638831 -0.021062445 -0.006283439 0.012366232 0.999682009
1341846469.339987 0.022258602 0.188941449 -0.021540377 -0.021550221 -0.003812502 0.011902180 0.999689698
1341846469.398298 0.024207121 0.192818522 -0.023520181 -0.022334674 -0.001166016 0.012041236 0.999677420
1341846469.434042 0.026055694 0.191807926 -0.020283733 -0.023417439 0.001503267 0.009107471 0.999683201
1341846469.466076 0.026413629 0.191700697 -0.025931563 -0.024247620 0.002796435 0.010895493 0.999642730
1341846469.502529 0.026790466 0.195470199 -0.028607842 -0.025697596 0.002750830 0.011960767 0.999594450
1341846469.534729 0.031686801 0.196807235 -0.028597085 -0.028081508 0.003931054 0.009912543 0.999548852
1341846469.566597 0.030098749 0.194200099 -0.028194061 -0.030375529 0.006474072 0.008886811 0.999478161
1341846469.602391 0.027876265 0.192105919 -0.027048400 -0.031437643 0.006854212 0.010232600 0.999429882
1341846469.634717 0.034825914 0.195535302 -0.027089214 -0.032056920 0.006588285 0.009278971 0.999421299
1341846469.667242 0.033066738 0.194020018 -0.027345272 -0.033332672 0.009340957 0.007041321 0.999375880
1341846469.702595 0.029168334 0.192670852 -0.027500020 -0.034539662 0.010426765 0.007732609 0.999319077
1341846469.734373 0.035774894 0.190911800 -0.027221959 -0.034833498 0.010268827 0.007984759 0.999308527
1341846469.771003 0.035911877 0.190262631 -0.027952669 -0.033863876 0.012660512 0.007155437 0.999320686
1341846469.803099 0.032576509 0.194183439 -0.028264686 -0.033195890 0.014082817 0.007264422 0.999323308
1341846469.834283 0.034650452 0.193303108 -0.028405065 -0.033769261 0.014555793 0.008150793 0.999290466
1341846469.871263 0.039912295 0.192176238 -0.029077182 -0.033719327 0.015925419 0.006972640 0.999280155
1341846469.902171 0.034913294 0.191046298 -0.028760176 -0.033558372 0.018462146 0.007335357 0.999239326
1341846469.934183 0.037694547 0.189218044 -0.026570441 -0.032853082 0.018107396 0.009296090 0.999252975
1341846469.969991 0.041780658 0.188770071 -0.027872210 -0.030618539 0.018510748 0.008741098 0.999321520
1341846470.002102 0.044116404 0.190306887 -0.030106774 -0.028524976 0.020602550 0.009145873 0.999338984
1341846470.038184 0.040975925 0.191255808 -0.028306905 -0.027308946 0.021581613 0.011452565 0.999328434
1341846470.070096 0.049125265 0.188934609 -0.031314462 -0.026362611 0.021272400 0.013984888 0.999328256
1341846470.107943 0.052027099 0.183160111 -0.027558250 -0.024101153 0.023402253 0.015373794 0.999317348
1341846470.170125 0.053187240 0.185724139 -0.035869379 -0.014412891 0.025358582 0.022547433 0.999320209
1341846470.202144 0.053948659 0.182080284 -0.038039688 -0.013037589 0.027637262 0.022988917 0.999268651
1341846470.238185 0.054720502 0.177007124 -0.034431323 -0.010479084 0.029445173 0.024215177 0.999218106
1341846470.269875 0.055732075 0.177521884 -0.035491828 -0.006737363 0.028610608 0.027683739 0.999184549
1341846470.306072 0.056661259 0.176850915 -0.037350640 -0.004077497 0.028436102 0.029199416 0.999160767
1341846470.337953 0.060462754 0.174724385 -0.041511349 -0.001913738 0.029600730 0.028606892 0.999150574
1341846470.370014 0.055707470 0.171028003 -0.037981194 -0.000167594 0.029907903 0.030108612 0.999099076
1341846470.405987 0.055136610 0.171048388 -0.040883355 0.002330305 0.028526954 0.032402072 0.999065042
1341846470.438051 0.059331533 0.174237132 -0.041761998 0.004616400 0.028243043 0.031622164 0.999090135
1341846470.470041 0.057790823 0.171933755 -0.039787106 0.005115713 0.028235786 0.032336578 0.999065042
1341846470.506110 0.057892255 0.167177722 -0.039610002 0.006145637 0.026390890 0.033019889 0.999087334
1341846470.538167 0.060963631 0.171280131 -0.042602006 0.008603215 0.026014769 0.032133881 0.999108016
1341846470.573973 0.059088506 0.170147032 -0.041371915 0.008626490 0.025853317 0.032802805 0.999090195
1341846470.606133 0.064084657 0.170317277 -0.042314820 0.009260224 0.024130216 0.034416571 0.999073386
